"Subject","Chapter","Question No","Question","Option A","Option B","Option C","Option D","Correct Answer","Explanation","Image Reference"
"Complete Denture","Jaw Relations","1","The use of kinematic face bow is contraindicated in the edentulous patients because","It has to be used on the mandibular ridge","Recording base may be unstable on the edentulous mandible","Movement of bases may lead to inaccuracy in recording hinge axis","All of the above","D","'D' [Boucher's 10th ed 248]

The fork of kinematic face bow is attached to mandibular rim, which is unstable and results in inaccuracy in recording the jaw relations. So kinematic face bow is usually used for fixed partial dentures. The arbitrary face bow (the fork is attached to maxillary rim) is the one most commonly used in complete denture patients.",""
"Complete Denture","Jaw Relations","2","Free way space is defined as","Vertical dimension at rest — vertical dimension at occlusion","Vertical dimension of occlusion + vertical dimension at rest","Vertical dimension at rest","Vertical dimension at occlusion - vertical dimension at rest","A","'A' [Boucher's 12th ed 277]

The distance between two arbitrary points on maxilla and mandible when the patient is relaxing is called vertical dimension at rest. The same distance when the patient is occluding on rims is called vertical dimension in occlusion. The difference between VDR and VDO is called interocclusal distance or free-way space. It is usually 2-4 mm when observed at the position of 1st premolars.",""
"Complete Denture","Jaw Relations","3","Hinge axis is located with the help of","Ear rods","Maxillo mandibular vertical relations","Kinematic face bow","Orbital pointer","C","'C' [Boucher's 12th ed 285]

The hinge axis can be located more accurately when the mandible is in its most posterior position by means of kinematic face bow or hinge bow. The hinge axis can be approximated by use of arbitrary type of face bow.",""
"Complete Denture","Jaw Relations","4","Free way space of less than normal, in complete denture has the following adverse result:","Mucosal irritation","Irresistible alveolar ridge resorption","Nonspecific ulcerations","None of the above","B","'B' [Boucher's 10th ed 274]

Freeway space less than normal means increased vertical dimension of occlusion which results in:
• Reversible soft tissue changes and irreversible ridge resorption.
• Difficulty in swallowing.
• Diffuse pain of ridge area.
• Clicking of dentures during speaking.
• Trauma to TMJ.",""
"Complete Denture","Jaw Relations","5","The purpose of plane of orientation is:","To serve as a guide in establishing occlusal plane","To aid in measuring height and length of posterior teeth","To serve as an arbitrary plane when established on the articulator","To divide the distance between upper and lower cast equally","A","'A' [Boucher's 12th ed 262 / Winkler 2nd ed 141]

The plane of occlusion is modified until it is parallel with ala-tragus line or campers line and the edge of the occlusal rim should be 3/4 inch below stenson's duct. When viewed from the front, the occlusal plane should be parallel to inter pupillary plane and the edge of rim should be 1 to 2mm below the lower edge of upper lip.",""
"Complete Denture","Jaw Relations","6","Hinge axis face bow records:","Relationship of teeth to the axis of rotation of the jaw","Relationship of maxilla to mandible","Relationship of mandible to cranium","All of the above","A","'A' [Boucher's 12th ed 285]

The hinge axis face bow records the relationship of teeth to the opening and closing axis of the condyles.",""
"Complete Denture","Jaw Relations","7","Gothic arch tracing","Intraoral tracing device","Extraoral tracing device","Records centric relation and the movements of mandible in horizontal plane","Records centric occlusion and the movements of mandible in vertical plane","C","'C' [Boucher's 10th ed 290]

Gothic arch tracing (also known as arrow point or needle point tracing) is an extra oral method of recording centric relation in horizontal jaw relations. It indicates the relative position of upper and lower jaws.",""
"Complete Denture","Jaw Relations","8","What is the established vertical dimension freeway space in millimeters?","5-6","1-3","2-4","6-8","C","'C' [Boucher's 12th ed 277]

Normal interocclusal distance is usually 2-4 mm in 1st premolar region.",""
"Complete Denture","Jaw Relations","9","A leaf gauge is used to assess","Amount of mouth opening","Pain during closing and opening of mouth","Thickness of the wire","Musculoskeletally stable position of condyle in the fossae","D","'D' [Okeson 3rd ed 263]

Musculoskeletally stable position of condyle in the fossae means centric relation (CR). Various CR registration techniques were developed to manage the many clinical contingencies that obstruct capturing a repeatable CR registration record. Some of them are Roth power centric bite, Tongue tip to soft palate, Chin point guidance, bimanual manipulation, and Leaf gauge.

Leaf Gauge Technique:
• To obtain an interocclusal record, a soft plastic leaf gauge should be placed between the subject's maxillary and mandibular incisors such that the number of leaves provide sufficient vertical dimension to just disocclude the posterior teeth. This should be maintained for 5 minutes with subjects sitting upright.
• The subject should be placed in a supine position, the leaf gauge is removed without allowing any occlusal contact, and the PVS registration material should be applied to the occlusal surfaces of the mandibular teeth. The leaf gauge should be replaced and the subject instructed to close into the registration material in the previous position, using the leaf gauge as an anterior stop. The registration material allowed to set and then removed from the patient's mouth.
• The concept behind the leaf gauge is that when only the anterior teeth occlude, the directional force provided by the elevator muscles seats the condyles in a superoanterior position within the fossae. A leafgauge must be used carefully so the condyles will not be deflected away from the CR.",""
"Complete Denture","Jaw Relations","10","If the interocclusal distance is increased beyond physiologic limits, the patients chief complaint may result from:","A muscular imbalance","An occlusal disharmony in centric","A displacement of the mandibular denture","A displacement of the maxillary denture while yawning","A","'A' [Boucher's 12th ed 277]

Normal interocclusal distance is usually 2-4 mm in 1st premolar region. Increase in the interocclusal distance means decreased VDO that results in muscular imbalance.",""
"Complete Denture","Jaw Relations","11","Patient has difficulty in swallowing as a CD wearer. The most probable cause is:","Decreased vertical dimension","Increased vertical dimension","Thickness of flange","Decreased retention","B","'B' [Boucher's 10th ed 274]

Refer to explanation of Q. No. 4.",""
"Complete Denture","Jaw Relations","12","Before an arbitrary face bow transfer record, the dentist must determine:","Physiologic rest position","Inclination of each condyle","Axial centre of rotation of condyle","Kinematic axis of movement of condyle","C","'C' [Boucher 12th ed 284]

'C' [Boucher 12th ed 284]",""
"Complete Denture","Jaw Relations","13","The inter-arch distance measured when the occlusal rims are in uniform contact is:","Freeway space","Vertical dimension of occlusion","Vertical dimension of rest","Christensen's space","B","'B' [Boucher's 12th ed 274]

'B' [Boucher's 12th ed 274]",""
"Complete Denture","Jaw Relations","14","Increased VDO results in;","Strained facial appearance","Trauma to underlying tissues","Clicking of teeth","All of the above","D","'D' [Boucher's 12th ed 277, 282]

'D' [Boucher's 12th ed 277, 282]",""
"Complete Denture","Jaw Relations","15","Bennett movement of mandible is related to:","Condylar rotation","Lateral bodily movement of mandible","Protrusive movement of mandible","Edge to edge occlusion","B","'B' [Boucher's 10th ed 259]

'B' [Boucher's 10th ed 259]",""
"Complete Denture","Jaw Relations","16","Any slide from the position of initial contact on the retruded area of closure to the position of maximal intercuspation is ideally","1-2 mm","1-3 mm","2-3 mm","3-4 mm","A","'A' [Check Explanation Below]

Functional Occlusion:
Ideally any slide from the position of initial contact on the retruded arc of closure to the position of maximal intercuspation is small (1-2 mm). In the intercuspal position there should be positive, evenly distributed contacts between all the posterior teeth with light contact between the incisors.

When the mandible is moved forwards from position of intercuspation, incisal guidance ideally results in an immediate disclusion of the posterior dentition. Similarly, lateral excursion of the lower jaw are guided by the canine or buccal dentition on the working side, with an absence of contacts on the contralateral non-working side.",""
"Complete Denture","Jaw Relations","17","Interocclusal space is:","Space between upper and lower teeth","Space between maxilla and mandible at rest","Space between the jaws when muscles that elevate and depress the mandible are in minimum tonic contraction","None of the above","A","'A' [Boucher's 12th ed 277]

Interocclusal space is the space between the upper and lower teeth. When the teeth are in maximum cuspation, the vertical dimension will be minimum or low. Option 'C' indicates physiologic rest position of mandible or vertical dimension of rest.

IOD = VDR - VDO",""
"Complete Denture","Jaw Relations","18","Orientation records are transferred by:","Gothic arch tracing","Face bow record","Dual impression technique","Any of the above","B","'B' [Boucher's 12th ed 285]

'B' [Boucher's 12th ed 285]",""
"Complete Denture","Jaw Relations","19","Clicking of denture during speaking is due to","Increased vertical dimension of occlusion","Increased interocclusal space","Decreased vertical dimension of occlusion","Both 'B' & 'C'","A","'A' [Boucher's 12th ed 279]

Poor denture retention and excessive vertical dimension are the two common causes of clicking of complete dentures.",""
"Complete Denture","Jaw Relations","20","Which of the following is an example of static method of recording centric relation?","Intraoral records","Needles","House","Paterson","A","'A' [Boucher's 12th ed 265]

The static methods involve first placing the mandible in CR with maxilla and then making a record of the two occlusion rims to each other.
The functional methods involve functional activity of mandible at the time of making the records. The static method has the advantage of causing minimal leverage effects when compared to functional methods.
Needle house and Paterson methods are functional methods of recording CR.",""
"Complete Denture","Jaw Relations","21","The closest speaking space was suggested by","Pound","McGrane","Neswonger","Silverman","D","'D' [Boucher's 12th ed 277]

'D' [Boucher's 12th ed 277]",""
"Complete Denture","Jaw Relations","22","If VDO is increased all will happen except:","Perleche","Improper aesthetics","Trauma to TMJ","Trauma to muscles","A","'A' [Boucher's 10th ed 274]

Angular stomatitis (also known as Perleche or angular cheilosis) occurs commonly due to decreased VDO or deficiency of 'riboflavin or thiamine' or due to candida infection.",""
"Complete Denture","Jaw Relations","23","Most accurate reproducible relationship for recording jaw relations is:","Physiologic rest position","Centric occlusion","Centric relation","Both B and C","C","'C' [Boucher's 12th ed 277]

Centric relation is the most accurately reproducible and reliable relationship for recording jaw relations. The least reproducible relation is protrusive relation.",""
"Complete Denture","Jaw Relations","24","During gothic arch tracing apex indicates","Centric occlusion","Horizontal jaw relations","Centric relation","Physiologic rest position","C","'C' [Boucher's 10th ed 294]

Gothic arch tracing is an extra oral method of recording centric relation. The lateral mandibular movements should be made until the apex is sharp to indicate the centric relation.",""
"Complete Denture","Jaw Relations","25","Muscles involved in centric relation","Temporalis & masseter","Medial and lateral pterygoids","Temporalis and lateral pterygoid","None of the above","A","'A' [Boucher's 12th ed 288]

'A' [Boucher's 12th ed 288]",""
"Complete Denture","Jaw Relations","26","Thickness of wax in inter occlusal records","9 mm","2 mm","2 cm","10 mm","B","'B' [Boucher's 12th ed 333 / Winkler 2nd ed 198]

Wax, plaster, ZOE paste, self cure resins are commonly used for interocclusal records.",""
"Complete Denture","Jaw Relations","27","Centric relation refers to the position of the condyles in","Posterior most position","Posterior superior position","Anterior superior position","Anterior most position","C","'C' [Boucher's 12th ed 283]

Centric relation (CR) is the most controversial concept in dentistry. Most of the controversies are pertaining to the position of the head of the condyle in the glenoid fossa during centric relation position. This ranges from a retruded posterior position, to superior position and then to an anterior superior position.
For almost the last six decades we assumed CR to be the most retruded position of the heads of the condyles in the glenoid fossae. Recently we could come to a conclusion that it is not the most retruded position of the heads of the condyles but rather the most anterior and superior position.",""
"Complete Denture","Jaw Relations","28","Face bow measures relationship of maxilla to","Opening & closing axis","Mandible","Zygomatic bone","None of the above","A","'A' [Boucher's 12th ed 285]

'A' [Boucher's 12th ed 285]",""
"Complete Denture","Jaw Relations","29","Hinge axis is best detected by","Face bow transfer and freely adjustable condylar pieces","Face bow with three point articulator","With face bow only","With articulator only","A","'A' [Boucher's 12th ed 285]

Refer Synopsis.",""
"Complete Denture","Jaw Relations","30","To change patient's vertical dimension, the following record is needed","Interocclusal record","Graphic record","Kinematic facebow","Arbitrary facebow","C","'C' [Check Explanation Below]

• In case of vertical dimension change, Inter occlusal records will be repeated followed by horizontal jaw relations.
• Graphic record are used for centric relations not for vertical dimensions
• Kinematic facebow and arbitrary facebow are used for orientation jaw relations.",""
"Complete Denture","Jaw Relations","31","Translatary movements of the condyle and the disk are controlled by","Capsular ligament and suprahead of medial pterygoid","Capsular ligament and suprahead of lateral pterygoid","Suprahead of medial and lateral pterygoid","Capsular ligament and the infrahead of lateral pterygoid","B","'B' [Boucher's 12th ed 17, 19]

'B' [Boucher's 12th ed 17, 19]",""
"Complete Denture","Jaw Relations","32","Most reliable method of recording centric relation","Graphic tracing with excursive movements","Wax cone method","Trail and error method","None of the above","A","'A' [Boucher's 10th ed 291]

'A' [Boucher's 10th ed 291]",""
"Complete Denture","Jaw Relations","33","The difficulty in constructing C.D in a Bell's Palsy patient is","Impression taking","Teeth setting","Border moulding","Jaw relations","D","'D' [Textbook of prosthodontics by Rangarajan Pg 12]

Conditions like Bell's palsy and Parkinson's disease will present with problems in denture retention, jaw relations and support for the musculature.",""
"Complete Denture","Jaw Relations","34","Modiolus at the corner of mouth is formed of following muscles except","Triangularis","Buccinator","Masseter","Orbicularis oris","C","'C' [Boucher's 12th ed 263]

Modiolus is a point where eight muscles meet at the ANGLE OF MOUTH (COMEDK-07):
1. Depressor anguli oris (or) triangularis
2. Levator anguli oris or caninus
3. Buccinator
4. Orbicularis oris
5. Risorius
6. Zygomaticus
7. Quadratus labii superioris
8. Quadratus labii inferioris",""
"Complete Denture","Jaw Relations","35","Immediate Bennett shift occurs:","During immediate forward movement of condyle","During first 5-6 mm movement of condyle","During first premature occlusal contact after rotation of condyle","During immediate rotation of condyle","B","'B' [Nallaswamy 1st ed 115]

Immediate side shift Bennett movement:
Here the mandible shifts before the forward movement of the non-working condyle occurs. This movement occurs in 86% of the condyles. This shift ranges 1 to 4mm in dimension.

Progressive side shift or Bennett side shift:
Lateral translation that continues linearly after 2-3mm of forward movement of the non working condyle.",""
"Complete Denture","Jaw Relations","36","Beyron point is located at:","13 mm anterior to posterior margin of tragus on a line from center of tragus to outer canthus","11mm anterior to posterior margin of tragus on a line from parallel to and 7 mm below FHP","10mm anterior to posterior margin of tragus on a line from center of tragus to outer canthus","13 mm anterior to tragus on a line from base of tragus to outer canthus","A","'A' [Boucher 12th ed 287]

The first step in placing a face bow is to locate the hinge axis on the skin on the each side of the patients face. One frequently recommended method is to position the condyle rods on a line extending from the counter canthus of the eye to the top of the tragus of the ear and approximately 13mm in front of the external auditory meatus is called Beyron Point. This placement generally locates the rods within 5mm of the true center of the opening axis of the jaws.
The imaginary line joining the two Beyron points is an approximate hinge axis.

Camper line is? (AIPG-2017)
a) Line runs from the inferior border of the ala of the nose to the superior border of the tragus of the ear
b) Lines run from Lateral wall of orbit to superior border of tragus
c) Line is drawn from the tip of nose to soft tissue chin
d) Line is drawn from the tip of the nose to most prominent lip",""
"Complete Denture","Jaw Relations","37","Which muscle does not decussate in modiolus","Levator labii superioris","Orbicularis oris","Zygomaticus major","Buccinator","A","'A' [Zarb & Bolender 12th ed 351]

For explanation refer to Q. No. 34.",""
"Complete Denture","Jaw Relations","38","Only pure hinge movements of the mandible occur at:","Centric occlusion","Centric relation","Lateral excursion","Terminal Hinge Position","D","'D' [Nallaswamy 1st ed 111]

Hinge movement is a purely rotational movement of the joint, which takes place around a horizontal axis till the patient opens his mouth to about 20-25mm.
The presence of terminal hinge axis or transverse axis occurs while crushing food!
The hinge movement is produced by the action of the lateral pterygoid and suprahyoid muscles and is aided by gravity.",""
"Complete Denture","Jaw Relations","39","Face bow is used to transfer:","Axis-orbital plane","Frankfort horizontal plane","Camper's plane","Occlusal plane","A","'A' [Nallaswamy 1st ed 753 / Boucher 12th ed 285-287]

'A' [Nallaswamy 1st ed 753 / Boucher 12th ed 285-287]",""
"Complete Denture","Jaw Relations","40","The Gothic arch tracing device is used to record","The vertical dimension of occlusion","The centric relation","The centric occlusion","Vertical dimension at rest","B","'B' [Nallaswamy 1st ed 146-148]

Gothic arch tracing or Arrow-point tracing is used to record centric relation.",""
"Complete Denture","Jaw Relations","41","When making complete denture the occlusal plane should be parallel to the","Frankfort horizontal plane only","Interpupillary line only","Campers plane only","Campers plane and interpupillary line","D","'D' [Nallaswamy 1st ed 207 / Fenn 4th ed 187-188]

The anterior part of the maxillary occlusal plane should be parallel to the inter-pupillary line. It should be 2mm below the upper lip line or smile line.
The posterior part of the maxillary plane should be parallel to Camper's line or Ala-tragus line (line projected from the ala of the nose to the superior edge of the tragus of the ear).",""
"Complete Denture","Jaw Relations","42","The orbioaxial opening can be determined by at any point with the help of:","Lateral pterygoid","Medial pterygoid","Masseter","Temporalis","A","'A' [Boucher 10th ed 156, 157]

'A' [Boucher 10th ed 156, 157]",""
"Complete Denture","Jaw Relations","43","Face bows are classified as:","Arbitrary face bow","Arbitrary and kinematic face bow","Arbitrary and value face bow","None of the above","B","'B' [Winkler 2nd ed 184]

Facebow is a caliper like instrument used to orient maxillary cast on the articulator so that it has the same relationship to the opening axis of the jaws. There are two types, the kinematic and the arbitrary. The kinematic is used to locate the true terminal hinge axis and transfer this record to the articulator when mounting the maxillary cast. The arbitrary face bow is the one generally used in the construction of complete dentures and is based on average computations of an axis opening of the jaw. It is simple to use and relatively accurate.

Facebow is caliper like device used to record the relationship of the jaws to the (APPG-15)
a) Opening axis of jaws  b) Campers line  c) Frankfort horizontal plane  d) Occlusal plane",""
"Complete Denture","Jaw Relations","44","Centric relation is between:","Maxilla to cranium","Mandible to cranium","Mandible to condyle","Tooth to tooth","B","'B' [Boucher's 12th ed 283]

'B' [Boucher's 12th ed 283]",""
"Complete Denture","Jaw Relations","45","Retromylohyoid curtain is formed by all EXCEPT","Superior constrictor","Palatoglossal muscle","Mylohyoid","Masseter","D","'D' [Boucher's 12th ed 241]

Retromylohyoid fossa is bounded by retromylohyoid curtain. It is formed posterolaterally by superior constrictor, posteromedially by palatoglossal muscle and lateral surface of tongue, inferiorly by submandibular gland and mylohyoid muscle.",""
"Complete Denture","Jaw Relations","46","Mechanical methods to determine vertical dimension are","Pre-extraction records","Ridge relation","A & B","Phonetics","C","'C' [Nallaswamy 1st ed 132, 133]

Mechanical methods to determine vertical dimension are:
1) Ridge relation
• Distance from the incisive papilla to mandibular incisors
• Parallelism of ridges
2) Pre-extraction records
• Profile photographs
• Profile silhouettes
• Facial measurements
3) Measurement from former dentures",""
"Complete Denture","Jaw Relations","47","Freedom of centric relation correlates with","0.15-1.5 mm","0.20-0.40 mm","0.5 to 1.5 mm","1 to 2 mm","C","'C' [Zarb & Bolender 12th ed 284]

Centric Occlusion: It is occlusion of the opposing teeth when the mandible is in centric relation. This may or may not coincide with the maximum intercuspal position.
The discrepancy between centric relation and centric occlusion is called 'freedom from centric' or long centric. It is 0.5-1.5mm.

Discrepancy between centric relation and centric occlusion is (AIIMS May-14)
a) 0.15 to 0.25 mm  b) 0.20 to 0.40 mm  c) 0.50 to 1.5 mm  d) 1.2 mm",""
"Complete Denture","Jaw Relations","48","The rest position of mandible is established by muscles and","Pressure","Gravity","Temperature","None of the above","B","'B' [Winkler 2nd ed 9]

The postural position of the mandible in man is maintained by tonic activity in the elevator musculature opposing gravitational forces.",""
"Complete Denture","Jaw Relations","49","Lateral movement is produced by anterior translation of one condyle producing rotation about the","Center in the opposite condyle","Center in the opposite ramus","Center in the opposite angle","Center in the opposite neck","A","'A' [Nallaswamy 1st ed 9]

Lateral movement produces anterior translation of condyle on working side and rotation about the centre on the nonworking side (balancing side).
Eg:- In right lateral movement of mandible, right condyle (working side) translates laterally outward while left condyle (nonworking side) merely rotates in the centre of its axis.",""
"Complete Denture","Jaw Relations","50","Fischer's angle is formed by the intersection of the protrusive and non-working side condylar paths as viewed in the","Horizontal plane","Reverse plane","Sagittal plane","Oblique plane","C","'C' [Glossary of Prosthodontic terms]

Fischer's angle is defined as the difference between the sagittal condylar inclinations during protrusive and lateral excursions on the nonworking side. (Rosenstiel)

Fischer angle is the angle formed by the protrusive and nonworking condylar paths, viewed in the sagittal plane. (Glossary of prosthodontic terms)",""
"Complete Denture","Jaw Relations","51","Bennett angle is formed between sagittal plane and the average path of the advancing condyle as viewed in horizontal plane during","Medial movement","Lateral movement","Centric freedom","Inter-cuspal movement","B","'B' [Winkler 2nd ed 159]

Bennett angle is formed by the sagittal plane and the path of the advancing condyle during lateral mandibular movements as viewed in the horizontal plane.",""
"Complete Denture","Jaw Relations","52","While recording condylar guidance using three pin articulator, the incisal pin is kept?","Out of contact","In contact with incisal table","Removed from articulator","Not significant","A","'A' [Schillinberg 3rd ed 67]

While setting condylar guidance, the incisal guide pin should be raised out of contact with the incisal table.",""
"Complete Denture","Jaw Relations","53","The record of the position of the patients maxillary ridge in relation to the condyles is the","Jaw relation","Articulator","Face bow record","Centric jaw relation","C","'C' [Nallaswamy 1st ed 123 / Winkler 2nd ed 184]

• Any relation of the mandible to maxilla is jaw relation. It is of 3 types, orientation, vertical, horizontal.
• Face bow is a caliper like device used to orient maxillary cast on the articulator so that it has the same relationship to the opening axis of the jaws.
• Articulator is a mechanical device to which maxillary and mandibular casts can be attached to simulate the jaw movements.
• Centric relation denotes the relationship of mandible to maxilla when the mandible is at its posterior most position.

Articulators work by (APPG-2016)
a) Simulating the jaw movements
b) Have condylar movement
c) Reproduce the bennet movements
d) Duplicating jaw movements",""
"Complete Denture","Jaw Relations","54","Progressive lateral translation of the TMJ which occurs at a rate proportional to the forward movement of","Non-working condyle","Working condyle","Both non-working and working condyle","None of the above","A","'A' [Nallaswamy 1st ed 116]

Check Explanation of Q. No 35.",""
"Complete Denture","Jaw Relations","55","Before an accurate face bow transfer record can be made, it is necessary to determine","The axial centre of opening closing rotation","The inclination of each condyle","The physiologic rest position","Centric relation","A","'A' [Nallaswamy 1st ed 126]

Check Explanation of Q. No 6.",""
"Complete Denture","Jaw Relations","56","Which of the following shapes of the palatal vault is most favourable for lateral stability?","V shape","U shape","Flat","(B) & (C)","B","'B' [Rangarajan 1st ed 17]

'U' Shaped palatal vault is the most favourable as it offers good vertical and horizontal stability. 'V' Shaped palate form is considered less favourable as even slightest movement of the denture causes loss of retention.",""
"Complete Denture","Jaw Relations","57","Extra oral tracing method is grouped in the following for recording centric relation for complete denture patients","Functional method","Close mouth method","Static method","None of the above","C","'C' [Boucher 10th ed 290]

Method of recording centric relation (CR)
1. Static
   a) Intra oral
   b) Extra oral
2. Functional
   a) Intra oral
   b) Extra oral

STATIC METHODS:
• Involves placing the mandible in CR with the maxilla and then making a record of the relationship of the two occlusal rims to each other.
• The advantage of this method is that it causes minimal displacement of the bases in relation to the supporting bone.
• Method: Made with wax or plaster - With or without central bearing point - With or without extra-oral or intraoral tracing devices

FUNCTIONAL METHODS:
• Involves functional movement of the mandible when the record is made.
• The disadvantage is it causes displacement of record bases in relation to the supporting bones.
• Method: Includes chew-in techniques suggested by Needles house, Paterson

So extra oral (Gothic arch) and intra-oral arrow point graphic tracing comes under static method.",""
"Complete Denture","Jaw Relations","58","A patient with neuromuscular in-coordination reports to your clinic. Best way to do occlusal discrepancy correction is","No need to correct occlusal discrepancy for neuromuscular patients","Direct method on patient's mouth as taking jaw relation is difficult","Take interocclusal records and do occlusal correction in the articulator","Take interocclusal records using corborundum paste","C","'C' [Zarb Bolender 12th ed 404-14]

The amount of occlusal error and the location of deflective contacts will be determined after the dentures have been remounted on the articulator. They are usually minute and their accurate localization requires remounting.
If articulating paper is used in the mouth to locate deflective occlusal contacts, shifting of the denture bases, tissue distortions or eccentric closures by the patients, as well as the presence of saliva, can prevent the articulating paper marks from accurately recording errors.
Irrespective of anatomical or non anatomical teeth, in monoplane or in lingualized occlusion, occlusion errors are ideally detected and corrected when the dentures are accurately mounted in the articulator.",""
"Complete Denture","Jaw Relations","59","Which of the following measures the vertical dimension when the mandible and muscles involved are in physiologic function of speech?","Free way space","Leeway space","Closest speaking space","Primate space","C","'C' [Check Synopsis Point 64]

'C' [Check Synopsis Point 64]",""
"Complete Denture","Jaw Relations","60","Adequate interocclusal rest space required for the comfort of the patient and health of the tissue is","1-8 mm","4-6 mm","5-8 mm","2-4 mm","D","'D' [Check Explanation of Q. No. 2]

'D' [Check Explanation of Q. No. 2]",""
"Complete Denture","Jaw Relations","61","Least interference is encountered in which position?","Centric relation","Centric occlusion","Maximum protruded position","None","A","'A' [J. Prosthetic dent July 1976; 36(1):35-43]

Interferences are undesirable occlusal contacts that may produce mandibular deviation during closure to and from the maximum intercuspation.
There are four types of occlusal interferences:
• Centric occlusal (Maximum intercuspation)
• Working
• Nonworking
• Protrusive
Centric occlusal interferences may produce clenching and or bruxism with their associated symptoms of muscle pain and fatigue. The most destructive are nonworking interferences.",""
"Complete Denture","Jaw Relations","62","In a patient with hemimandibulectomy, VDO is best recorded by?","Previous photographs","Lip musculature with minimum strain","Closest speaking space","Facial Silhouette","B","'B' [Check Explanation Below]

By assessing lip competence, facial appearance and closest speaking space, lip closure with unstrained facial appearance may be the best determinant of the optimal vertical dimension of occlusion.
Closest speaking space is a difficult to interpret parameter and not applicable in hemimandibulectomy case.",""
"Complete Denture","Jaw Relations","63","Minimum protrusion required for condylar guidance adjustment is?","3 mm","4 mm","6 mm","8 mm","C","'C' [Boucher's 12th ed 337, 338]

The ideal amount of protrusion for making the record is the exact equivalent of the amount of protrusion necessary to bring the anterior teeth end-to-end. However, with the mechanical limitations of most articulators, a protrusive movement of at least 6mm is required so that the condylar mechanisms can be adjusted.",""
"Complete Denture","Jaw Relations","64","The following method of recording centric jaw relation has the advantage reproducibility and cross verification","Tactile method","Nick and notch method","Needle house","Gothic arch tracing","B","'B' [J. Indian Prosth society 2012; 12(3): 175-181]

Nick and notch is a physiological inter occlusal check record method in which Nick and notch are cut on the maxillary occlusal rim and a trough on the mandibular rim. Interocclusal record material is placed on the troughs created on mandibular occlusal rim. Patient is asked to close in centric relation, after the material is set, occlusal rims are removed and articulated. This conventional method is more acceptable for both the operator and patient.",""
"Complete Denture","Teeth Setting and Articulators","1","Articulators are classified into arbitrary positional and functional by","Beak","Posell","Boucher","Thomas","D","'D' [Heartwell 3rd ed 61]

'D' [Heartwell 3rd ed 61]",""
"Complete Denture","Teeth Setting and Articulators","2","An evaluation of which of the following represents the most important aspect in selection of shade for the restoration to match with existing dentition?","Hue","Value","Chroma","Size","B","'B' [Boucher's 10th ed 338]

Refer to teeth selection in synopsis.",""
"Complete Denture","Teeth Setting and Articulators","3","Width of the central incisor as compared to the bizygomatic width is","1:13","1:14","1:15","1:16","D","'D' [Boucher's 10th ed 333]

a) Bizygomatic width/16 gives mesiodistal width of upper central incisor.
b) Bizygomatic width/3.3 gives mesiodistal width of upper anterior teeth.
c) Cranial circumference/10 gives mesiodistal width of upper anterior teeth.
d) Distance between hair line and chin/16 gives length of central incisor.

Which is a true statement (AIPG-2017)
a) Width maxillary four incisors is equal to 1/8 of bizygomatic width
b) Width of maxillary incisor is equal to 1/16 of bizygomatic width
c) Intercanine width is equal to nasal width
d) Width of mandibular central incisor is equal to 1/16 of bizygomatic width",""
"Complete Denture","Teeth Setting and Articulators","4","Articulators","Duplicate jaw movements","Simulate jaw movements","Have condylar movements","Reproduce the bennet movement","B","'B' [Boucher's 12th ed 291]

'B' [Boucher's 12th ed 291]",""
"Complete Denture","Teeth Setting and Articulators","5","Metamerism is","Operator unable to record the colour","Patient has teeth with different shades","Various light sources produce different colour perception","All the above","C","'C' [Phillips 11th ed 52]

'C' [Phillips 11th ed 52]",""
"Complete Denture","Teeth Setting and Articulators","6","Lateral condylar guidance is","L=12+d/H","L=H+d/12","L=H/8+12","L=H+d/4","C","'C' [Boucher's 10th ed 495 / Winkler 2nd ed 146]

The Bennett angle (L) can be calculated from the horizontal condylar inclination (H) by means of Hanau equation. If the horizontal condylar inclination is 30° then the Bennett angle would be approximately 16°.",""
"Complete Denture","Teeth Setting and Articulators","7","Arcon articulator is:","Hanau model H2","Dentatus articulator","Gysi trubite articulator","None of the above","D","'D' [Winkler 2nd ed 147]

The term 'Arcon' indicates an instrument that has its condyles on the lower member and the condylar guides on the upper member.
Bergstrom derived the name Arcon from articulator and Condyle.
Examples of Arcon type articulators are TMJ instrument, Whipmix articulator, Denar class IV instrument, Teledyne arcon and Ney articulator.
Examples of non-arcon type articulators are Hanau articulator, Gysi trubyte and dentatus articulator.",""
"Complete Denture","Teeth Setting and Articulators","8","One of the criteria of an ideal occlusion in natural dentition is:","Maximum contacts of the tips of the cusps only","Disocclusion of anterior teeth during mandibular protrusion","Disocclusion of posterior teeth on the non working side in lateral excursion","Occlusion of posterior teeth during mandibular protrusion","C","'C' [Boucher's 10th ed 438]

Refer synopsis.",""
"Complete Denture","Teeth Setting and Articulators","9","The distance between the teeth and the axis of rotation is shorter than the skull with the resultant loss of accuracy the instrument which produces such type of replication is:","Semi adjustable articulator","Hinge articulator","Fully adjustable articulator","Face bow articulator","B","'B' [Boucher's 10th ed 313]

Options A, C, D allow face bow transfer; whereas hinge articulator does not accept face bow transfer and accuracy will be less.",""
"Complete Denture","Teeth Setting and Articulators","10","A patient who wears complete denture is having trouble in pronouncing the letter 't'. This is probably caused by:","Too thick palatal seal area","Improper positioning of mandibular incisors","Incorrect position of maxillary incisors","Excessively thick mandibular base","C","'C' [Boucher's 12th ed 384]

Alveolar sounds such as 's', 'n', 'd', 't', 'z' are produced by contact of tip of tongue with anterior most part of palate or lingual side of anterior teeth.
If the teeth are too far anteriorly, the 'd' will sound like 't'. If the teeth are too far lingually, then the 't' will sound like 'd'.",""
"Complete Denture","Teeth Setting and Articulators","11","Porcelain denture teeth","Have a higher coefficient of thermal expansion than acrylic teeth","Have a lower abrasion resistance than enamel","Should be used where the inter alveolar clearance is small","Have a higher abrasion resistance than gold","D","'D' [Boucher's 12th ed 198]

Gold or silver alloy restorations wear away more rapidly than tooth enamel when opposed by porcelain denture teeth.",""
"Complete Denture","Teeth Setting and Articulators","12","The maxillary teeth if placed too far anteriorly and superiorly in a complete denture results in the faulty pronunciation of:","F and V sounds","S and T sounds","Vowels","Consonants","A","'A' [Boucher's 12th ed 383]

'A' [Boucher's 12th ed 383]",""
"Complete Denture","Teeth Setting and Articulators","13","Selective grinding for equilibrating complete dentures is best accomplished after processing when the dentures are:","Rearticulated using original jaw relation record","Rearticulated with a new series of jaw relation","Equilibrated in the patients mouth","Spot ground in the patients mouth","B","'B' [Boucher's 12th ed 405]

The dentures should be remounted on the articulator with new interocclusal records of centric and eccentric relations and then the occlusion is corrected by selective grinding.",""
"Complete Denture","Teeth Setting and Articulators","14","The concept of occlusion that maintains that the anteroposterior plane of occlusion should be parallel with the denture foundation and not dictated by the horizontal condylar guidance is called.","Lingualised concept","Balanced concept","Neutrocentric concept","Mutually protected concept","C","'C' [Winkler 2nd ed 233]

Refer to theories of occlusion in synopsis.",""
"Complete Denture","Teeth Setting and Articulators","15","On the articulator the incisal guidance is the","Horizontal guidance","Same as condylar guidance","Mechanical equivalent of curve of space","Mechanical equivalent of horizontal & vertical overlap","D","'D' [Boucher's 10th ed 445]

Incisal guidance angle is set by the dentist and this factor is influenced by amount of vertical and horizontal overlap.",""
"Complete Denture","Teeth Setting and Articulators","16","Discrepancies in the occlusion of a denture can be clearly detected from:","Observation of the denture in the mouth","Masticatory efficiency","Clicking sounds at Temporomandibular joint","Remounting procedures of the denture","D","'D' [Boucher's 12th ed 404]

'D' [Boucher's 12th ed 404]",""
"Complete Denture","Teeth Setting and Articulators","17","When establishing balanced occlusion, lingual cusps of maxillary posterior teeth on the non-working side should contact:","Facial incline of the lingual cusp of mandibular posterior teeth","The lingual incline of the lingual cusp of mandibular posterior teeth","Lingual incline of the facial cusp of mandibular posterior teeth","Central fossa of mandibular posterior teeth","C","'C' [Boucher's 12th ed 320]

Refer to occlusion in synopsis.",""
"Complete Denture","Teeth Setting and Articulators","18","The cuspal inclines of the maxillary buccal cusps and the mandibular lingual cusps should be grounded if they are in deflective occlusal contact in:","Working position only","Balancing position only","Both working and balancing positions","Central position","A","'A' [Winkler 2nd ed 258-260]

This is known as BULL's law. Refer to synopsis.",""
"Complete Denture","Teeth Setting and Articulators","19","Bilateral balanced occlusion is:","Balance in working lateral and protrusive contacts","Balance in lateral contacts only","Balance in working, balancing and protrusive contacts","Balance in protrusive contacts only","C","'C' [Boucher's 10th ed 503]

'C' [Boucher's 10th ed 503]",""
"Complete Denture","Teeth Setting and Articulators","20","Bennett angle is:","The angle between sagittal condylar path and Frankfort horizontal","The angle which the path of balancing side condyle makes with the sagittal plane during lateral excursion","Measured by using a face bow","None of the above","B","'B' [Boucher's 10th ed 495 / Winkler 2nd ed 159]

'B' [Boucher's 10th ed 495 / Winkler 2nd ed 159]",""
"Complete Denture","Teeth Setting and Articulators","21","Of the three dimensions of color, the one which describes the dominant color of the object is:","Hue","Value","Chroma","Maverick","A","'A' [Boucher's 10th ed 338]

Hue is the specific colour produced by specific wavelength of light. It must be in harmony with colour of patients face.",""
"Complete Denture","Teeth Setting and Articulators","22","Best esthetics for a maxillary denture is when:","Anterior teeth are placed on the crest of Alveolar","Teeth are placed lingual to the crest of alveolar ridge","Teeth are placed facial to alveolar ridge","Teeth articulate with mandibular anterior teeth placed over the crest of the ridge","C","'C' [Boucher's 12th ed 315]

If the teeth are set directly over the residual ridge it results in prematurely aged appearance. The setting mainly depends on amount of ridge resorption (longer edentulous period), the teeth should be placed far anteriorly.",""
"Complete Denture","Teeth Setting and Articulators","23","Sibilant sounds are produced at:","Rest position","Occluding position","Open from resting position","Between rest and occluding position","D","'D' [Boucher's 12th ed 381]

While speaking sibilant sounds like 'S', 'Z', 'Sh', 'Zh', 'Ch' and 'J' the upper and lower incisors should approach end to end but not touch. Most people make the 'S' sound with the tip of tongue against rugae area with small space for air escape. If the space is too small, a whistle will result. If the space is too broad, lisping will result and the 'S' sound is developed as 'Sh'.",""
"Complete Denture","Teeth Setting and Articulators","24","In the development of balanced occlusion of a complete denture, during tooth arrangement, a steep condylar path is associated with a low degree of incisal guidance, this requires that the compensating curve should be;","Flat","Shallow","Prominent","Reverse","C","'C' [Check Explanation Below]

Thielemann's formula:
Balanced occlusion = (CG x IG) / (CC x CI x OO) where
• CG = Condylar guidance
• IG = Incisal guidance
• CC = Compensating curves
• CI = Inclination of cusps
• OO = Plane of orientation of the occlusal plane

Thus when the condylar guidance is increased, compensatory curve should be increased to make balanced occlusion.",""
"Complete Denture","Teeth Setting and Articulators","25","Resin teeth:","Show a high compressive strength","Contraindicated in patients with decreased interocclusal distance","Show crazing","Show a high fracture strength","D","'D' [Phillip's 12th ed 496]

Resin teeth display greater impact resistance and ductility and are less likely to chip or fracture when compared to porcelain.",""
"Complete Denture","Teeth Setting and Articulators","26","The condylar guidance of an articulator is dependent on:","The depth of the glenoid fossa","The vertical overlap of the incisors","The cuspal inclines","The inclination of the articular eminence","D","'D' [Boucher's 12th ed 337, 338]

'D' [Boucher's 12th ed 337, 338]",""
"Complete Denture","Teeth Setting and Articulators","27","Will's gauge is used to measure","Vertical height","Bi-zygomatic width","Inter condylar distance","Inter papillary width","A","'A' [Winkler 2nd ed 191]

Will's gauge is used to measure vertical height of face. It is an instrument that enables the approximate angle at which it is applied to the face to be reproduced during denture construction.
Boley gauge is used to record the measurements between the borders of maxillary and mandibular dentures, when both the dentures are in occlusion.
Boos Bimeter is a device that measures the maximum force of jaw.",""
"Complete Denture","Teeth Setting and Articulators","28","Lingually placed mandibular posteriors will cause all except","Gagging","Speech difficulties","Excessive pressure on ridge","Tongue interference","C","'C' [Winkler 2nd ed 226, 324]

Lingual cusps of molars are in alignment with mylohyoid ridge.
Placing too far lingually can cause the following:
• Gagging
• Lack of tongue room posteriorly in the mandibular denture may cause speech difficulties
• Tongue interference",""
"Complete Denture","Teeth Setting and Articulators","29","'Squint' test is used as guide for selecting","Shade of teeth","Shape of teeth","Length of teeth","None of the above","A","'A' [Boucher's 10th ed 341]

The squint test is helpful in evaluating colour of teeth with the complexion of face. With the eyelids partially closed to reduce light, the colours of artificial teeth held along the face of patient are compared. The colour that fades from view first is least conspicuous one in comparison to colour of face.",""
"Complete Denture","Teeth Setting and Articulators","30","The function of compensating curve is","To provide balanced occlusion in complete dentures when mandible is protruded","To aid in establishing an incisal guide","Same as function of curve of Spee","None of the above","A","'A' [Boucher's 10th ed 462]

Compensating curves are the artificial curves introduced into dentures in order to facilitate the production of balanced occlusion.",""
"Complete Denture","Teeth Setting and Articulators","31","The characteristic of an 'Arcon' articulator is:","The condylar elements are placed on the upper member of the articulator","The condylar elements are placed on the lower member of the articulator","The condylar elements are non-movable","The inclination of condylar path is in a curved plane","B","'B' [Winkler's 2nd ed 147]

'B' [Winkler's 2nd ed 147]",""
"Complete Denture","Teeth Setting and Articulators","32","Recontouring and selective grinding procedures are carried out in complete denture to:","Decrease the vertical dimension of occlusion","Decrease cuspal height","Enhance curve of Spee","Remove occlusal disharmony","D","'D' [Boucher's 12th ed 324]

'D' [Boucher's 12th ed 324]",""
"Complete Denture","Teeth Setting and Articulators","33","A high occlusal contact occurs in the balancing position between the lingual cusp of maxillary 1st molar and the buccal cusp of mandibular 1st molar. To eliminate this which surface should be reduced:","Lingual cusp of maxillary 1st molar and buccal cusp of mandibular 1st molar","Either lingual cusp of maxillary 1st molar or buccal cusp of mandibular 1st molar","Lingual cusp of maxillary 1st molar with milling paste at the time of denture insertion","Lingual cusp of maxillary 1st molar in centric and occluding position","B","'B' [Winkler's 2nd ed 262]

'B' [Winkler's 2nd ed 262]",""
"Complete Denture","Teeth Setting and Articulators","34","Bizygomatic width divided by 3.3 gives approximately","Mesio-distal width of lower anterior teeth","Mesio-distal width of upper anterior teeth","Mesio-distal width of upper teeth from molar to molar","Mesio-distal width of lower teeth from molar to molar","B","'B' [Boucher's 10th ed 333]

'B' [Boucher's 10th ed 333]",""
"Complete Denture","Teeth Setting and Articulators","35","The best criterion for teeth selection is:","Past photographs","Pre extraction records","Study models","None of the above","B","'B' [Boucher's 12th ed 302]

The extracted teeth are valuable for size and form selection, but should not be used for colour selection, because the colour of the tooth will change after extraction.",""
"Complete Denture","Teeth Setting and Articulators","36","Chroma is:","Intensity of colour","Translucency of enamel","Translucency of enamel & dentin","None of the above","A","'A' [Boucher's 10th ed 338]

Chroma or saturation is the amount of colour per unit area of an object. Because of change in saturation levels, some teeth appear more yellower than other teeth.",""
"Complete Denture","Teeth Setting and Articulators","37","Curve of Monson is","An anteroposterior curve","Is a lateral molar curve with convexity facing downwards","Is a lateral premolar curve with convexity facing upwards","A reverse curve","B","'B' [Winkler 2nd ed]

'B' [Refer to occlusion in synopsis]",""
"Complete Denture","Teeth Setting and Articulators","38","A reliable guide for positioning maxillary anterior teeth in complete dentures is","Fovea palatine","Incisive papillae","Maxillary ridge","Rugae","B","'B' [Boucher's 12th ed 309]

The labial surfaces of central incisors are usually 8 to 10mm in front of the incisive papilla (COMEDK-08). The distance will vary with the size of teeth and resorption of the alveolar process. If the resorption occurs vertically, the incisive papilla moves distally and the distance between the papilla to the teeth is increased.
Resorption of bone labially causes the papilla to appear on the labio occlusal surface of the ridge and the anterior teeth must be set in front corresponding to the amount of change in the bone.",""
"Complete Denture","Teeth Setting and Articulators","39","When there is a prematurity in centric occlusion but not in eccentric or other movements then reduce:","Cusps of opposing teeth","Mesiodistal position of teeth","Opposing fossa or marginal ridge","None of the above","C","'C' [Boucher's 10th ed 500]

Cusps of teeth should be reduced only when the interference is in both centric and eccentric position. Prematurities in centric position only require the reduction of opposing central fossae or marginal ridge.",""
"Complete Denture","Teeth Setting and Articulators","40","Lateral shift (Bennett's movement) influences:","Faciolingual position of teeth","Mesiodistal position of the teeth","Both of the above","None of the above","A","'A' [Refer synopsis]

'A' [Refer synopsis]",""
"Complete Denture","Teeth Setting and Articulators","41","The term ARCON was coined by","Bergstrom","Hanau","Gillis","Fish","A","'A' [Winkler 2nd ed 147]

The term 'Arcon' indicates an instrument that has its condyles on the lower member and the condylar guides on the upper member. Bergstrom derived the name Arcon from articulator and Condyle.",""
"Complete Denture","Teeth Setting and Articulators","42","Bennett movement is","Direct lateral side shift of the mandible that occurs simultaneously with lateral mandibular excursion","Direct lateral side shift of the mandible that occurs simultaneously with medial mandibular excursion","Direct medial side shift with medial mandibular excursion","Direct lateral side shift with medial mandibular excursion","A","'A' [Boucher's 10th ed 259, 449]

According to Gysi, the average bennet shift is 1-1.5 mm/side and the bennet angle is 15 degrees.",""
"Complete Denture","Teeth Setting and Articulators","43","Central incisor tooth arrangement in tapering arch is","Rotation of incisors on their long axis inward at the distal aspect","Rotation of incisors on their long axis inward at the facial aspect","Rotation of incisors on their long axis inward at the mesial aspect","Central incisors almost in a straight line","A","'A' [Boucher's 12th ed 364]

'A' [Boucher's 12th ed 364]",""
"Complete Denture","Teeth Setting and Articulators","44","Palatal cusp of upper posterior teeth in complete denture patients should fall on:","Crest of mandibular ridge","Lingual to crest of mandibular ridge","Buccal to crest of mandibular ridge","Buccal vestibule","A","'A' [Boucher's 12th ed 317 / Winkler 2nd ed 254]

In normal occlusion, the palatal cusps of the maxillary posterior teeth shall occlude with the central fossa of lower teeth which in turn would be in line with the crest of mandibular ridge.",""
"Complete Denture","Teeth Setting and Articulators","45","When testing arrangement of teeth at the trial insertion of complete dentures, the lower lip should, when pronounce the letter 'f' in fifty","Be anterior to maxillary incisors","Not come near maxillary incisors","Light contact maxillary incisors incisal edge","None of the above","C","'C' [Boucher's 12th ed 383]

The labio dental sounds 'f' and 'v' are made between the incisal edges of upper incisors and the posterior 3rd of lower lip.
If the upper anterior teeth are too short or set too high up, the 'v' sound will be more like 'f'. If they are too long or set too far down, the 'f' will sound more like a 'v' (BHU-07).

In complete denture patients, f and v sound is used for determining (PGI Dec-2013)
a) Freeway space  b) Closest speaking space  c) Anteroposterior relation of maxillary and mandibular teeth  d) Labiolingual position of mandibular teeth.",""
"Complete Denture","Teeth Setting and Articulators","46","Bucco-lingual width of posterior teeth should be","Equal to the width of the natural teeth they replace","Greater than the width of the natural teeth they replace","Lesser than the width of the natural teeth they replace","Width of artificial posterior teeth is a matter of operator's preference","C","'C' [Boucher's 12th ed 307]

Artificial posterior teeth that are narrow in a buccolingual direction enhance the development of correct form of polished surfaces of denture and also reduce the amount of stress on the supporting tissues.",""
"Complete Denture","Teeth Setting and Articulators","47","In complete denture construction labio-dental sound F & V are used to determine the:","Vertical placement of upper anterior teeth","Labio-lingual position of anterior teeth","Anterio posterior position of anterior teeth","Space between tongue and anterior part of hard palate","A","'A' [Boucher's 12th ed 383]

'A' [Boucher's 12th ed 383]",""
"Complete Denture","Teeth Setting and Articulators","48","The inner vermilion border of the lower lip traps air against the inner edges of maxillary incisors during the pronunciation of the letter","C","F","Z","S","B","'B' [Check Explanation of Q. No 45]

'B' [Check Explanation of Q. No 45]",""
"Complete Denture","Teeth Setting and Articulators","49","In complete denture setting, for better aesthetics, the maxillary anteriors are set","Parallel to the middle of the face profile","Parallel to the profile of the lower of the face","Skeletal profile has no role in aesthetic teeth setting","Parallel to the inner canthus-angle of the mouth line","D","'D' [Boucher's 12th ed 365]

'D' [Boucher's 12th ed 365]",""
"Complete Denture","Teeth Setting and Articulators","50","Mark the consonant sounds requiring contact between the lips and teeth (labio dentals)","G, d, l, t, h","'b', 'p', 'm'","'th'","'f', 'ph', 'v'","D","'D' [Boucher's 12th ed 383]

'D' [Boucher's 12th ed 383]",""
"Complete Denture","Teeth Setting and Articulators","51","One of the following rules explains about the grinding of certain cusps to produce balance in lateral movements:","Ante's rule","Bull rule","Wolf's rule","Cieszynski's rule","B","'B' [Boucher's 10th ed 500]

'B' [Boucher's 10th ed 500]",""
"Complete Denture","Teeth Setting and Articulators","52","True about Wilson curve is?","Anterior-posterior curve","Helps in achieving compensating curve during arrangement of posteriors","Posterior teeth parallel to inward pull of masseter","Determine posterior plane of occlusion","B","'B' [Refer Synopsis]

'B' [Refer Synopsis]",""
"Complete Denture","Teeth Setting and Articulators","53","Proper lip support for complete denture is provided primarily by","Convex surface of labial flange","Facial surface of teeth and simulated gingiva","Thickness of border in the vestibule","Festooned carvings on facial surface","B","'B' [Boucher's 12th ed 365]

'B' [Boucher's 12th ed 365]",""
"Complete Denture","Teeth Setting and Articulators","54","Leon William's classification given an idea about","Number of teeth and size of the arch","Residual alveolar ridge","Form of tooth and face","Colour of artificial teeth","C","'C' [Boucher's 10th ed 336]

'C' [Boucher's 10th ed 336]",""
"Complete Denture","Teeth Setting and Articulators","55","The incisal guidance that assures the maximum stability in a denture is","15-25 degrees","Zero degrees","Less than 15 degrees","65 degrees","B","'B' [Boucher's 12th ed 294, 295]

The more closely the incisal guide angle approaches 0°, the more stable will be the dentures because of the reduction of lateral inclines.",""
"Complete Denture","Teeth Setting and Articulators","56","During Bennett movement","Condyle of working side exhibits bodily forward movement","Condyle of non working side exhibit bodily lateral movement","Condyle of working side exhibit bodily lateral movement","Condyle of working side exhibit bodily lateral and forward movement","C","'C' [Nallaswamy 1st ed 111]

'C' [Nallaswamy 1st ed 111]",""
"Complete Denture","Teeth Setting and Articulators","57","Balanced occlusion with noncuspal teeth is achieved by","Compensating curves","Incisal guide","Balancing ramps","None","A","'A' [Boucher's 12th ed 318]

Non-cuspal or non-anatomic teeth can be used in a balanced occlusion scheme by incorporating compensating curve.",""
"Complete Denture","Teeth Setting and Articulators","58","Which of the following is utmost important factor considered in balanced occlusion with little change in esthetics and change in inclination or amplitude leads to the loss of facial appearance?","Inclination of condyle guidance","Compensating curve of Spee","Inclination of incisal guidance","Cuspal height and angulation","C","'C' [Nallaswamy 1st ed 193]

• First factor of occlusion.
• Only factor, which can be recorded from the patient.
• It is registered using protrusive registration.
• Increase in the condylar guidance will increase the jaw separation during protrusion.

• Second factor of occlusion.
• It should be set depending upon the desired overject and overbite planned for the patient.
• It has more influence on the posterior teeth than the condylar guidance.

• It is established anteriorly by the height of the lower canine and posteriorly by the height of the retromolar and Campers line

• Posterior teeth should be arranged such that their occlusal surfaces form a curve.
• This curve should be in harmony with the mandibular movements.
• Two Types - Anteroposterior curves and lateral curves.

• The cusps on the teeth or the inclination of the cuspless teeth are important factors that modify the effect of plane of occlusion and compensating curves.","Diagram: Table showing Condylar guidance, Incisal guidance, Plane of orientation, Compensating curve, Cuspal angulation – Page 18"
"Complete Denture","Teeth Setting and Articulators","59","Spherical theory is proposed by","Bonwill","Monson","Hall","Hanau","B","'B' [Nallaswamy 1st ed 155]

'B' [Nallaswamy 1st ed 155]",""
"Complete Denture","Teeth Setting and Articulators","60","In Bonwill's equilateral triangle the apex of triangle is located at","The anterior part of incisive papilla","At the prominent part of chin upper central","At the anteriormost part of incisor","At the anteriormost part of lower central incisor","D","'D' [Nallaswamy 1st ed 154]

'D' [Nallaswamy 1st ed 154]",""
"Complete Denture","Teeth Setting and Articulators","61","The term 'chroma aspect' in selection of artificial teeth refers to","Degree of saturation of hue","Intensity of value","Both value and hue","None of the above","A","'A' [Nallaswamy 1st ed 176]

'A' [Nallaswamy 1st ed 176]",""
"Complete Denture","Teeth Setting and Articulators","62","For balanced occlusion, when condylar inclination is increased the compensating curve should be","Shallow","Decreased and flat","Increased and prominent","Reversed","C","'C' [Nallaswamy 1st ed 19]

For explanation, refer Q. No. 24.",""
"Complete Denture","Teeth Setting and Articulators","63","Best esthetics for a maxillary denture is when:","Anterior teeth are placed on the crest of alveolar ridge","Teeth are placed lingual to the crest of alveolar ridge","Teeth are placed facial to alveolar ridge","Teeth articulate with mandibular anterior teeth placed over the crest of the ridge","C","'C' [Fenn 1st ed 298]

'C' [Fenn 1st ed 298]",""
"Complete Denture","Teeth Setting and Articulators","64","While pronouncing S, T, D, N, Z sounds tip of tongue","Anterior 2/3rd of palate","Maxillary canines","Inner 2/3rd of lower lip","Does not make any contact","A","'A' [Boucher 12th ed 384]

'A' [Boucher 12th ed 384]",""
"Complete Denture","Teeth Setting and Articulators","65","The zero degree anatomic teeth is used in:","Sharp ridge","Flat ridge","Ridge with undercut","Well contoured ridge","B","'B' [Boucher 10th ed 454, 455]

'B' [Boucher 10th ed 454, 455]",""
"Complete Denture","Teeth Setting and Articulators","66","Anatomic teeth should have cusp angle of","30°","31°","32°","33°","D","'D' [Nallaswamy 1st ed 8]

'D' [Nallaswamy 1st ed 8]

Teeth Angulation:
• Anatomic: 20°, 30°, 33°
• Non anatomic/monoplane: 0°",""
"Complete Denture","Teeth Setting and Articulators","67","The theory of matching teeth to face forms was advanced by","Hanau","Frush and Fisher","J. Leon Williams","Schiffman","C","'C' [Nallaswamy 1st ed 172]

Leon Williams in 1917 formulated the Typal form theory according to which, the shape of the teeth should be in the shape of the face.",""
"Complete Denture","Teeth Setting and Articulators","68","The hinge joint articulator was designed by:","Bonwill","Gariot","Gysi","Hanau","B","'B' [Winkler 2nd ed 143]

Hinge-Joint articulator is representative of class I articulators. It was designed by Gariot in 1805. It consisted of a simple hinge with a set screw in the posterior against a metal plate to serve as a vertical stop.",""
"Complete Denture","Teeth Setting and Articulators","69","Which type of articulators that permit horizontal as well as vertical motion but do not orient the motion to the TMJ via a face bow transfer?","Type I","Type II","Type III","Type IV","B","'B' [Refer synopsis / Winkler 2nd ed 143]

'B' [Refer synopsis / Winkler 2nd ed 143]",""
"Complete Denture","Teeth Setting and Articulators","70","Non-anatomic teeth are indicated in:","Flat ridge","Knife-edge ridge","Poor muscular control","All the above","D","'D' [Winkler 2nd ed 262-265]

Indications of non-anatomic or cuspless teeth are:
• Flat atrophic ridges
• Knife-edge ridges
• Large interridge space
• Milling type of chewing pattern with broad excursions
• Where debilitation has reduced the patients coordination needed to handle a cusped type of occlusion
• In patients with bruxism to decrease the forces on the basal tissues.
• Patient with neuromuscular disorders where accurate jaw relations cannot be recorded.
• In case of highly resorbed ridge, as they do not get locked or displace the denture during function.
• Difficulty in consistently returning to the centric jaw relation (Eg. Parkinsonism)
• Existing dentures with very worn teeth that have permitted unrestricted jaw movements",""
"Complete Denture","Teeth Setting and Articulators","71","Trubyte tooth indicator is used for determining:","Length of the tooth","Width of the tooth","Thickness of the tooth","Form of the tooth","D","'D' [The dental clinics of North America - Complete dentures - Volume 40 - No.1 - Jan 1996 Pg 75]

The trubyte tooth indicator to determine the size of the upper central incisor (mesiodistal and cervico-incisal length) using trubyte tooth indicator, one can also determine the facial form of a patient i.e., square, tapering and ovoid and thus the tooth forms based on J. Leon Williams classification.",""
"Complete Denture","Teeth Setting and Articulators","72","The incisive papilla in the edentulous maxillary arch acts as a guideline to proper placement of the maxillary central incisors. The central incisors are generally found to be mm anterior to a line bisecting the incisive papilla:","8 to 10 mm","6 to 8 mm","4 to 6 mm","5 to 7 mm","A","'A' [Winkler 2nd ed 207]

'A' [Winkler 2nd ed 207]",""
"Complete Denture","Teeth Setting and Articulators","73","The most important factor in arrangement of the teeth:","Mold","Leverage","Occlusion","Occlusal plane","C","'C' [Rudd and marrow complete denture laboratory procedures 2nd ed 222]

'C' [Rudd and marrow complete denture laboratory procedures 2nd ed 222]",""
"Complete Denture","Teeth Setting and Articulators","74","Mono plane teeth are indicated in:","When centric relation only transferred","Centric and eccentric relation only transferred","Patient with old denture which is severely attrited and cusp height reduced","Depends on dentist selection","C","'C' [Winkler 2nd ed 263]

'C' [Winkler 2nd ed 263]",""
"Complete Denture","Teeth Setting and Articulators","75","Changes in length of upper anterior teeth in complete denture teeth setting which sounds are affected:","f, v","d, t","dentoalveolar sounds","b, p","A","'A' [Boucher 12th ed 383 / Ref. Q. No. 45]

'A' [Boucher 12th ed 383 / Ref. Q. No. 45]",""
"Complete Denture","Teeth Setting and Articulators","76","The labiodental sounds are","f, v, ph","v, c","d, t","f, v, z","A","'A' [Nallaswamy 1st ed 220]

'A' [Nallaswamy 1st ed 220 / Refer synopsis Point No. 104]",""
"Complete Denture","Teeth Setting and Articulators","77","Resin teeth are","High in fracture toughness","Dimensionally stable","Not indicated with diminished inter arch distance","Susceptible to crazing with time","A","'A' [Nallaswamy 1st ed 197]

Resin teeth have higher resiliency and are tougher than porcelain teeth, making them less liable to fracture or chipping on impact.",""
"Complete Denture","Teeth Setting and Articulators","78","The Apex of the Bonwill's Triangle is located at the?","Anterior tip of the incisive papilla","Upper central incisors contact point","Anterior most point on the chin","Lower central incisors contact point","D","'D' [Nallaswamy 1st ed 154]

Refer synopsis Point No. 91",""
"Complete Denture","Teeth Setting and Articulators","79","The advantage of resin teeth over porcelain teeth is","Greater wear resistance","Increased hardness","Better dimensional stability","Greater impact resistance","D","'D' [Philips 11th ed 755]

'D' [Philips 11th ed 755]",""
"Complete Denture","Teeth Setting and Articulators","80","Bi-zygomatic width divide by 16 gives approximately mesiodistal width of","Upper central incisor","Lower central incisor","Upper anterior teeth","Lower anterior teeth","A","'A' [Nallaswamy 1st ed 171]

'A' [Nallaswamy 1st ed 171]",""
"Complete Denture","Teeth Setting and Articulators","81","Complete denture teeth are in edge to edge contact in centric occlusion. What should be done?","Grind the centric holding cusp","Grind the lingual fossa of upper and lower incisors","Grind the cusp in such a way that the incline of the upper cusp slides buccally and lower cusp slides lingually","Grind the cusp in such a way that the incline of the upper cusp slides lingually and lower cusp slides buccally","C","'C' [Synopsis Point No. 105]

The upper and lower teeth can be too nearly end to end. For correction of this error, grinding is done on the inclines of the cusps in such a way to move the upper cusp inclines buccally and lower cusp inclines lingually. In this, the central fossa are made broader, the lingual cusp of the upper tooth is made narrow by grinding it from the lingual side, and the buccal cusp of the lower tooth is made more narrow by grinding it from the buccal side. The cusps are not shortened.",""
"Complete Denture","Teeth Setting and Articulators","82","Hanau H2 articulator has a intercondylar distance of","90 mm","100 mm","110 mm","120 mm","C","'C' [Winkler 2nd ed 156]

Hanau-H2 is a Non-Arcon articulator, has a fixed intercondylar distance of 110mm and does accept a face-bow transfer.",""
"Complete Denture","Teeth Setting and Articulators","83","The intercondylar distance can be adjusted in the","Hanau H2 articulator","Hanau arcon H2 articulator","Whipmix articulator","Mean/value articulator","C","'C' [Winkler 2nd ed 156, 161, 166]

Intercondylar distance is adjustable in Whip-mix (arcon) articulator in 3 positions:
• Small (S) - 96 mm
• Medium (M) - 110 mm
• Large (L) - 124 mm

Hanau H2 (Non arcon), Hanau arcon H2, mean value articulators, Denar Mark II (Arcon) have fixed intercondylar distance of 110 mm.",""
"Complete Denture","Teeth Setting and Articulators","84","The overbite-overjet relations of anterior teeth are determined primarily by esthetics and","Phonetics","Mastication","Pouting","Modiolus","A","'A' [Winkler 2nd ed 207]

'A' [Winkler 2nd ed 207]",""
"Complete Denture","Teeth Setting and Articulators","85","Non arcon instruments gained considerable popularity in complete denture prosthodontics because upper and lower members are","Loosely attached","Rigidly attached","Medially attached","Inferiorly attached","B","'B' [Winkler 2nd ed 156]

In non Arcon, the upper and lower members are attached rigidly (mechanically) to each other. These are the most commonly used articulators. But Arcon articulators are superior over non-arcon because of the ability to visualize condylar movements.",""
"Complete Denture","Teeth Setting and Articulators","86","For highly visible gingiva, it is advisable to select","Conical teeth and short contact areas","Conical teeth and long contact areas","Square teeth and short contact point","None of the above","D","'D' [Zarb and Bolendar 12th ed 303]

If the patient prefers for highly visible gingiva, then select square teeth with a long contact point rather than highly tapered teeth. This will minimize the interproximal display of pink gingival acrylic.",""
"Complete Denture","Teeth Setting and Articulators","87","The concavity at the root of the nose is used as a third point of reference with","Whipmix average axis facebow","Hanau","Dentatus","Kavo","A","'A' [Winkler 2nd ed 168]

• In Whipmix articulator the bridge of the nose is utilized as the anterior reference point (third point) with the ear piece face-bow.
• The two posterior reference points are the external auditory canals.",""
"Complete Denture","Teeth Setting and Articulators","88","The antero posterior curve is","Curve of Spee","Curve of Wilson","Curve of Monson","Bonwill curve","A","'A' [Bhalaji 5th ed 71]

Refer synopsis.",""
"Complete Denture","Teeth Setting and Articulators","89","Transfer of hinge opening axis is compulsory in:","Partially edentulous","Complete edentulous","Orthodontics","Planning to change vertical dimensions","D","'D' [Nallaswamy 1st ed 535 / Winkler 2nd ed 185]

Hinge axis is an imaginary line passing through the centre of the condyles when the mandible rotates in the sagittal plane. The axis of rotation which coincides with the CR position of the mandible is called true hinge axis.
Patient's hinge axis can be transferred into the articulator (semiadjustable or fully adjustable) with the help of face bow.
A face bow transfer is essential when cusp teeth are used and also to change the occlusal vertical dimensions.
Arbitrary mounting of maxillary casts without a face bow transfer can introduce errors in occlusion of prosthesis. So transferring the hinge axis is must when we are planning for full mouth rehabilitation and in patients who require increase in vertical dimension.",""
"Complete Denture","Teeth Setting and Articulators","90","Movement of denture base was the least in patient with poor ridges when","20 degree teeth were used","33 degree teeth were used","0 degree teeth were used","Inverted cusp teeth were used","C","'C' [Nallaswamy 1st ed 10 / Winkler 2nd ed 237, 238]

Cuspless teeth also called as non-anatomical teeth or monoplane teeth. In cases with the highly resorbed ridges, cuspless teeth are preferred as they do not get locked and displace the dentures during lateral movements. During function, the monoplane teeth eliminate inclined plane forces which create displacement of the denture base.",""
"Complete Denture","Teeth Setting and Articulators","91","In Parkinsonism patient teeth arrangement is","Anatomic","Non anatomic","Semi anatomic","Saucer teeth","B","'B' [Restorative dentistry: An integrated approach by Peter Jacobsen 2nd ed 283]

Ref. Q. No. 70",""
"Complete Denture","Teeth Setting and Articulators","92","Most commonly affected word if maxillary incisor teeth are anteriorly placed?","Ch","F","V","S","D","'D' [Zarb & Bolender 12th ed 383-4]

Linguoalveolar sounds for eg: S, Z, Sh, and J are made by contact of lip of the tongue with the most anterior part of palate or lingual side of anterior teeth. When the patient pronounces the words starting with S, the upper and lower incisors should approach end to end but not touch. If the upper anterior teeth are placed most anteriorly, it is difficult to pronounce the linguoalveolar sounds like S, G, Sh, J.
The labiodental sounds F & V are made between the upper incisors and the labiolingual centre to the posterior third of lower lip. If the upper anterior teeth are too short (set too high up) the V sound will be more like an F. if they are too long (set too far down) the F will sound more like V.",""
"Complete Denture","Teeth Setting and Articulators","93","In India during summers teeth arrangement for occlusion check-up is done in:","Type I wax","Type II wax","Type III wax","Corrective wax","C","'C' [Philips 11th ed 284, 292]

Base plate waxes used principally to establish the initial arch form in the construction of complete dentures. It has 3 types. Type I, II, III depending upon the flow at given temperatures.
• Type I: a soft wax used for building veneers
• Type II: a medium wax is designed for patterns to be tried in the mouth in the normal climatic conditions
• Type III: a hard wax for trial fitting in the mouth in tropical climates
Corrective wax is used to make a type of dental impression.",""
"Complete Denture","Teeth Setting and Articulators","94","The Denar articulator belongs to","Class II-A","Class I","Class III-B","Class IV","D","'D' [Check Synopsis]

'D' [Check Synopsis]",""
"Complete Denture","Teeth Setting and Articulators","95","The hinge axis is an imaginary line passing through or near the:","Centre of the external auditory meatus","The coronoid process","Centre of the condylar fossa","Centre of the condyle","D","'D' [Check Explanation of Q. No 89]

'D' [Check Explanation of Q. No 89]",""
