Subject,Chapter,Question No,Question,Option A,Option B,Option C,Option D,Correct Answer,Explanation,Image Reference
Dental Materials,Amalgams,1,"The term ""trituration"" means",Lysing amalgam alloy,Mixing of amalgam alloy and mercury,Removal of excess of mercury,None of the above,B,"'B' [Phillips' 11th ed 523/ 12th ed 341]
Trituration is mixing of alloy and mercury. Usually, the alloy particles are coated with a film oxide, and this layer prevents the penetration of mercury. During trituration, the oxide layer is removed by abrasion so that a clean surface of alloy can come in contact with the mercury.

Spherical alloys usually require less amalgamation time than the lathe-cut alloys. Undertrituration results in weak restoration with rough surface. The rough surface will increase the susceptibility to tarnish.",
Dental Materials,Amalgams,2,Dynamic creep is the,Continuing alloying between silver-tin alloy and mercury during the life of restoration,Deformation of set amalgam during function,"Process whereby alloy is ""wetted"" by mercury",Spread of amalgam during packing,B,"'B' [Phillips' 11th ed 46, 540/ 12th ed 33,353]
Creep is the time dependent plastic deformation, which occurs when a metal is subjected to a constant load near its melting point. Restorations of higher-creep alloys generally experience greater marginal breakdown than the restorations with low-creep values.

Amalgams will undergo creep as its melting point is slightly above the room temperature. Dynamic creep is the deformation of set amalgam during function. The creep can cause an amalgam restoration, to extend out of the cavity preparation and increases its susceptibility to marginal breakdown.",
Dental Materials,Amalgams,3,The highest mercury concentration in amalgam filling is found,At the margin of the restoration,In the centre of the restoration,In the deepest part of the restoration,None of the above,A,"'A' [Phillips' 11th ed 538/ 12th ed 352]
The concentration of mercury in the margins will be 2-3% higher than the remaining bulk of restorations. These areas are critical in terms of corrosion fracture, and secondary caries.",
Dental Materials,Amalgams,4,The dental amalgam is most resistant to,Compressive Stress,Impact stress,Shear stress,Tensile stress,A,"'A' [Phillips' 11th ed 512/ 12th ed 352]
Amalgams have low tensile strength (48-70 mpa) and high compressive strength (minimum of 310 mpa). As amalgams are brittle materials with low edge strength, bevelling at the cavosurface margin is contraindicated. The cavosurface angle in amalgams is 90° and forms a butt end.",
Dental Materials,Amalgams,5,"The ADA specification No 1 for composition of amalgam alloy, recommends,","a) 65% silver, 32% tin and 3% copper","b) 49% silver, 32% tin and 19% copper","c) 65% silver, 29% tin and 5-6% copper",d) None of the above,C,"'C' [Phillips' 11th ed 497/ 12th ed 342]

| | Ag | Sn | Cu | Zn |
|---|---|---|---|---|
| Low copper alloys (Contains <6% of copper) | 63-70% | 26-28% (PGI – 11) | 2-5% | 0-2% |
| Single composition spherical alloys | 40-60% | 22-30% | 13-30% | 0-4% |
| Admixed alloys | Admixed alloys contains 1 part of high copper spherical particles (silver-copper eutectic alloy) and 2 parts of low-copper lathe cut particles | | | |

Both single composition and admixed alloys are types of high copper alloys. The total copper content in admixed alloys ranges from 9-20%.",
Dental Materials,Amalgams,6,"According to ADA specification No or number 1, the minimum compressive strength for silver amalgam filling after one hour should be",80 Mpa,140 Mpa,260 Mpa,510 Mpa,A,"'A' [Phillips' 11th ed 515/ 12th ed 353]
According to ADA, the minimum compressive strength after 1 hr. is 80 mpa. The compressive strength of a satisfactory amalgam should be at least 310mpa. Both low-copper and high-copper amalgams have tensile strengths in the range of 50-70 mpa. Admixed alloys will have least tensile strength.

The compressive strength of high-copper single composition alloys > high copper admix alloys > low-copper alloys.",
Dental Materials,Amalgams,7,Which of the following phases of dental amalgam has minimum strength,Gamma 1,Gamma 2,Epsilon 1,Gamma 3,B,"'B' [Phillips' 11th ed 503, 504/ 12th ed 344]
The physical properties of the hardened amalgam depend on the relative percentages of various micro structural phases. The γ-phase (unconsumed Ag-Sn particles) is strongest followed by gamma₁ (Ag₂Hg₃) and gamma₂ (Sn₇Hg₈). The tin-mercury phase (γ₂) lacks corrosion resistance and is the weakest component of dental amalgam.

In high copper alloys, the gamma₂ (Sn₇Hg₈) is eliminated and replaced by eta (Cu₆Sn₅) phase, which is most resistant to tarnish and corrosion. As a result, the high copper amalgam alloys will have high strength, hardness and high corrosion resistance.",
Dental Materials,Amalgams,8,Admixed high copper alloy powder contains,9-20% copper,13-20% copper,9-30% copper,13-30% copper,A,"'A' [Phillips' 11th ed 505/ 12th ed 342]

| | |
|---|---|
| Low copper alloys | Copper is < 6% by wt. |
| High copper single composition alloys | Copper is 13-30% |
| Admixed alloys | Copper is 9-20% by wt. |",
Dental Materials,Amalgams,9,"Compare to conventional amalgams, spherical amalgams",Require more mercury,Requires heavy compaction forces,Have longer setting times,None of the above,D,"'D' [Phillips' 11th ed 514/ 12th ed 343]
Spherical alloys require less mercury than typical lathe-cut alloys because they have a small surface area.

High condensation pressures are required to minimize porosity and to express mercury from lathe-cut amalgams. On the other hand, spherical amalgams (which contain less mercury) condensed with lighter pressures produce adequate strength.",
Dental Materials,Amalgams,10,Finishing and Polishing of Amalgam make the restoration:,Increase in tarnish and corrosion resistance,Increase the marginal strength,Decrease the tarnish and corrosion resistance,Increased compressive strength,A,"'A' [Phillips' 11th ed 531/ 12th ed 354]
Amalgams without finishing and polishing will have a rough surface microscopically and results in concentration cell-type corrosion.",
Dental Materials,Amalgams,11,Which of the following statements about high copper silver alloy compared to conventional alloy is not true?,It has increased tensile and compressive strength,It has poor tarnish and corrosion resistance,Its' edge strength is greater,Mercury content in the final restoration is less,B,"'B' [Phillips' 11th ed 504/ 12th ed 354]
The γ₂ or tin-mercury phase in low copper amalgams lacks the corrosion resistance and is the weakest component of dental amalgam.

But in high copper amalgams, the γ₂ phase is replaced by eta phase (Cu₆Sn₅), which is most resistant to tarnish and corrosion. As a result, the high copper alloys will have high strength, hardness and corrosion resistance.",
Dental Materials,Amalgams,12,Setting time of Amalgam is best controlled by?,Using spherical particles,Lathe cut alloy,Altering Hg-Alloy ratio,Trituration time,D,"'D' [Phillips' 11th ed 525/ 12th ed 347]
The setting time is best controlled by altering the trituration speed or trituration time or both. For a given type of alloy and mercury: alloy ratio, increased trituration time or speed shortens the working and setting times.

Spherical alloys require less amalgamation time than the lathe-cut alloys.",
Dental Materials,Amalgams,13,Increase in the residual mercury in silver amalgam filling can:,Cause fracture of the filling,Tarnish and corrosion,Increase the strength,Decrease condensation pressure,A,"'A' [Phillips' 11th ed 538]
The mercury content of finished restoration should be 50% approximately. Restorations containing mercury in excess of 55% showed an higher incidence of marginal fracture and surface deterioration than the restorations that contains mercury in 50% range.

Elimination of γ₂ phase by eta phase and less amount of residual mercury (around 42%) made high copper alloys more resistant to tarnish and corrosion.",
Dental Materials,Amalgams,14,High Cu alloys have all of the following except:,High tensile strength,Low creep,High corrosion,None of the above,C,'C' [Phillips' 11th ed 504/ 12th ed 354],
Dental Materials,Amalgams,15,Chronic mercury toxicity results from:,Ingestion while removing old amalgam,Skin contact,Mercury vapour,All of the above,D,"'D' [Phillips' 11th ed 537/ 12th ed 359]
Though mercury is absorbed through various routes, the primary risk to dental personnel is from inhalation. The maximum safe level of occupational exposure is 50 micrograms / m³ of air⁰.",
Dental Materials,Amalgams,16,"In non zinc containing dental amalgam alloy, the percentage of zinc present is",Less than 0.02%,Less than 0.1%,Less than 0.01%,None of the above,C,"'C' [Phillips' 11th ed 496]
Alloys containing less than 0.01% of zinc are classified as non-zinc alloys and the alloys with more than 0.01% of zinc are classified as zinc containing alloys.

Uses of Zinc:
• Reduces brittleness.
• It reacts rapidly with oxygen and their impurities and prevents the oxidation of more important elements like silver, copper or tin. Thus it acts as deoxidiser or scavenger.
• Better handling property.

On the other hand, if the amalgam is contaminated with moisture during trituration or condensation, Zn causes delayed expansion. Delayed expansion is due to pressure exerted by hydrogen gas, which is a corrosion product evolved during the reaction between Zinc and moisture.",
Dental Materials,Amalgams,17,In spherical alloys as compared to lathe cut:,Less condensing force is required,More condensing force is required,Both require same condensing force,Manipulation is easy,A,'A' [Phillips' 11th ed 514/ 12th ed 349],
Dental Materials,Amalgams,18,High copper dental amalgams are superior to other amalgams because high copper dental amalgams:,Have less marginal breakdown,Are workable at lower Hg-alloy ratio,Have a higher ratio of tensile to compressive strength,Have less resistance to tarnish and corrosion,A,'A' [Phillips' 11th ed 504/ 12th ed 357],
Dental Materials,Amalgams,19,Discolourisation of Ag containing alloy is due to,Wet corrosion,Dry corrosion,Tarnish,Both Tarnish and Corrosion,B&D,"'B & D' [According to key provided by the university; Check Explanation below]
Tarnish is an early indication and precursor of corrosion. In tarnish there will be surface discoloration or loss of lustre but no disintegration of the metals. Eg: Silver sulphide tarnish.

Two types of corrosion are:
• Chemical or dry
• Electrochemical or wet

Chemical (or) dry corrosion occurs in the absence of moisture. There is direct combination of metallic and non-metallic elements to form a chemical compound by oxidation, halogenation or sulfurization.

Eg: discoloration of silver by sulphur. So discoloration of silver containing alloys is both by tarnish and dry corrosion.

Wet corrosion requires presence of water or electrolyte as a pathway for the transport of electrons. It is more important for dental restorations. In oral cavity dry and wet corrosion cannot be distinguished separately due to the presence of saliva.",
Dental Materials,Amalgams,20,The largest component of amalgam alloy is:,Silver,Tin,Zinc,Copper,A,'A' [Phillips' 11th ed 496/ 12th ed 342],
Dental Materials,Amalgams,21,"In a high copper amalgam the phase, which is eliminated, is:",Gamma 1,Gamma 2,Gamma 1 and 2,No phase is eliminated,B,'B' [Phillips' 11th ed 506/ 12th ed 345],
Dental Materials,Amalgams,22,"During amalgamation, trituration is done to:",Dissolve the alloy in mercury,Coat the alloy particles with mercury,Remove excess mercury from the amalgam,Dissolve Hg in alloy,B,'B' [Phillips' 11th ed 523/ 12th ed 341],
Dental Materials,Amalgams,23,Moisture contamination of amalgam can lead to:,Marginal breakdown,Shrinkage,Delayed expansion,Increased stresses,C,"'C' [Phillips' 11th ed 510/ 12th ed 351]
Delayed expansion occurs if the amalgam mix is contaminated with moisture during trituration or condensation. The expansion begins 3 or 4 days after condensation and results in hyper occlusion and cracks in tooth. The restoration becomes wedged so tightly against the cavity walls and the pressure in pulpal direction will cause intense pain.",
Dental Materials,Amalgams,24,Amalgam restorations give the best clinical service when the residual mercury content is:,38-42%,48-52%,58-62%,68-72%,B,"'B' [Phillips' 11th ed 522, 538/ 12th ed 346]",
Dental Materials,Amalgams,25,Discolouration of silver alloy is due to:,Tarnish,Tarnish and corrosion,Wet corrosion,Dry corrosion,B,"'B' [Phillips' 11th ed 517, 57/ 12th ed 354]
Tarnish is surface discoloration or slight loss of surface finish or luster of a metal. The discoloration of amalgam is due to formation of black silver sulfide. Corrosion is the actual deterioration of the metal by reaction with environment. Tin chlorides and oxides are the corrosion products of low copper alloys whereas copper oxide is the corrosion product of high copper alloys.",
Dental Materials,Amalgams,26,Percentage of tin in low copper alloy is,30-35%,26-28%,13-32%,22-30%,B,'B' [Phillips' 11th ed 497/ 12th ed 342],
Dental Materials,Amalgams,27,Advantage of zinc containing amalgam is:,Better handling property,Dimensional stability,Resistance to creep,Toxicity to pulp and dentin,A,'A' [Phillips' 11th ed 500],
Dental Materials,Amalgams,28,Cause of expansion in zinc containing amalgam is:,Zinc and Water,Water,Hydrogen,Nascent oxygen,C,'C' [Phillips' 11th ed 510/ 12th ed 351],
Dental Materials,Amalgams,29,Mercury and silver alloy reaction when mixed what is formed?,Precipitation of Ag with Hg,Dissolution of Ag in Hg,Cu reacts with Hg,Tin reacts with Hg,A,"'A' [Philip's 12th ed 343]
Since the solubility of silver in mercury is much lower than that of tin, the Ag₂Hg3 (Silver Mercury) phase precipitates first and is designated as γ1, whereas the Sn7-8Hg phase precipitates later and is designated as γ2.",
Dental Materials,Amalgams,30,Which of the following amalgam alloys is least susceptible to creep:,Lathe cut,Spherical,Microfine,Dispersion with high copper,D,"'D' [Phillips' 12th ed 352 Tab 15-2]
High copper single composition alloys will have least creep value followed by admixed and low copper alloys.

| Type of alloy | % of creep |
|---|---|
| Low copper alloys | 0.8 – 8% |
| Admixed | 0.4 –0.5% |
| Single composition | 0.05 – 0.09 % |",
Dental Materials,Amalgams,31,The percentage of copper in high copper alloy is:,10-12%,0 -6%,13-30%,20 -30%,C,"'C' [Phillips' 11th ed 504/ 12th ed 342]
Option 'B' is for low copper alloys.",
Dental Materials,Amalgams,32,How soon after a moisture contamination does a zinc containing amalgam alloy start expanding:,24 hours,1-2 days,3-5 days,7 days,C,'C' [Phillips' 11th ed 510/ 12th ed 351],
Dental Materials,Amalgams,33,What is common in amalgam and ceramics?,More compressive strength but less tensile strength,More compressive strength and tensile strength,Less compressive strength but more tensile strength,Less compressive strength and tensile strength,A,'A' [Phillips' 11th ed 511/ 12th ed 352],
Dental Materials,Amalgams,34,The word amalgam refers to a combination of any alloy or metal with,Gold,Mercury,Silver,Tin,B,"'B' [Philip's 12th ed 340]
An amalgam is an alloy that contains mercury. Mercury, a liquid at room temperature, can dissolve and react to form an alloy with numerous metals.",
Dental Materials,Amalgams,35,Which of the following constituents of amalgam alloy decreases expansion:,Copper,Zinc,Silver,Tin,D,"'D' [Check Explanation Below]
Tin controls the reaction between silver and mercury. Without tin, the reaction would be too fast and the setting expansion would be unacceptable. Tin reduces both the rate of reaction and the expansion to optimal values.",
Dental Materials,Amalgams,36,Which of the following silver amalgam alloys have the maximum strength:,Lathe cut,Spherical,Admixed,Single composition,D,"'D' [Phillips' 12th ed 352 Tab 15-2]
Both compressive and tensile strengths are greater for single composition alloys. Compressive strength is least for low copper alloys whereas the 24-hour tensile strength is least for admixed alloys.",
Dental Materials,Amalgams,37,The higher the Hg alloy ratio in dental amalgam:,Higher the strength,Lower the creep value,More matrix material formed,More gamma I phase formed,C,"'C' [Phillips' 11th ed 513/ 12th ed 352]
In cases of higher mercury : alloy ratio, increase in the final mercury content increases the volume fraction of matrix phases at the expense of alloy particles. As a result, amalgams containing higher amounts of final mercury are weaker.",
Dental Materials,Amalgams,38,Copper content in low copper amalgams is:,6%,12-30%,29%,19%,A,'A' [Phillips' 11th ed 502/ 12th ed 342],
Dental Materials,Amalgams,39,Ag-Cu eutectic alloy has a characteristic property of that fusion temp of:,The resultant alloy is greater,The resultant alloy is lesser,The resultant alloy varies according to the content of Ag and Cu,None,B,"'B' [Check Explanation Below]
Eutectic alloys are those in which its components exhibit complete liquid solubility but limited solid solubility.

In high copper admixed alloy, the silver-copper phase exhibits a eutectic structure at the composition of silver 71.9% and copper 28.1%.",
Dental Materials,Amalgams,40,Which phase provides maximum strength in hardened mercury/silver alloy?,Silver / Mercury phase,Silver / Tin phase,Tin / Mercury phase,Zinc / Mercury phase,B,"'B' [Phillips' 11th ed 503/ 12th ed 352]
The unconsumed Ag-Sn particles or γ -phase will have a strong effect on strength of restoration. The more this phase in the final structure, the stronger is the amalgam.",
Dental Materials,Amalgams,41,Absorption of mercury in the human body occurs least from,Lungs,Gastro-intestinal Tract,Skin,Kidneys,D,"'D' [Phillips' 11th ed 537/ 12th ed 349]
Although mercury can be absorbed through skin or by ingestion, the primary risk is from inhalation.",
Dental Materials,Amalgams,42,The tarnished layer of silver amalgam consists of:,Sulphides of silver,Oxides of tin,Chlorides of tin,All of the above,A,"'A' [Phillips' 11th ed 517/ 12th ed 354]
Options B & C indicate the corrosion products of low copper amalgams. Copper oxide is the corrosive product of high copper alloys.",
Dental Materials,Amalgams,43,Which is not true about high copper amalgam alloys:,Low tensile and compressive strength,Low Hg: Alloy ratio,High tensile strength,Low creep,A,'A' [Phillips' 11th ed 512/ 12th ed 352],
Dental Materials,Amalgams,44,The threshold limit value of mercury exposures is:,0.01 mg / m³,0.05 mg / m³,0.1 mg /m³,0.001 mg /m³,B,'B' [Phillips' 11th ed 537/ 12th ed 124],
Dental Materials,Amalgams,45,"""Amalgam"" means","A metallic powder composed of silver, tin, copper and zinc","An alloy of two or more metals, one of which is mercury",An alloy of two or more metals that have been dissolved in each other in the molten state,A metallic substance in powder or tablet form that is mixed with mercury,B,'B' [Phillips' 11th ed 496/ 12th ed 340],
Dental Materials,Amalgams,46,Mercury intoxication in dental office mainly results from:,Direct contact with the mercury,Inhalation of mercury vapours,Ingestion of mercury,None of the above,B,'B' [Phillips' 11th ed 537/ 12th ed 359],
Dental Materials,Amalgams,47,In amalgam alloy which acts as oxygen scavenger:,Cu,Zn,Pd,Ag,B,'B' [Phillips' 11th ed 500],
Dental Materials,Amalgams,48,Over-trituration of silver alloy and mercury:,Reduces contraction,Increases the strength of lathe-cut alloy but reduces the strength of spherical alloy amalgam,Decreases creep,Gives al dull and crumbly amalgam,B,'B' [Manappallil 1st ed 180],
Dental Materials,Amalgams,49,"By increasing the percentage of which metal, the strength and hardness of amalgam increases:",Ag,Zn,Cu,Hg,C,'C' [Manappallil 2nd ed 177],
Dental Materials,Amalgams,50,Mercury rich condition in a slow setting amalgam alloy system in a restoration results in,Accelerated corrosion,Fracture of the restoration,Marginal damage,All of the above,D,"'D' [Phillips' 11th ed 519, 540/ 12th ed 352, 357]
High mercury content results in:
• Tarnish and corrosion
• Marginal fracture
• Increased creep
• Decreased strength
• High voids",
Dental Materials,Amalgams,51,The tensile strength of dental amalgam is,27-55 MPa,60-100 MPa,120-140 MPa,18-20 MPa,A,"'A' [Phillips 1st SA ed 63]

| | Elastic Moduli (GPa) | Tensile Strength (MPa) |
|---|---|---|
| Resin-based composite | 17 | 30-90 |
| Dental porcelain | 40 | 50-100 |
| Polymethyl methacryte | 3.5 | 60 |
| Amalgam | 21 | 27-55 |
| Alumina Ceramic | 350-418 | 120 |",
Dental Materials,Amalgams,52,A true eutectic alloy has melting point,Above that of low fusing metal,Above the melting point of either metal,Below that of high fusion metal,Below the melting point of either metal,D,"'D' [Phillips' 11th ed 131/ 12th ed 84]
Eutectic alloy is an alloy in which component metals have limited solid solubility. Eg.: 72% silver and 28% copper. The melting point of eutectic alloy is below the melting point of individual metal that is silver or copper. Eutectic literally means, ""Low melting"".",
Dental Materials,Amalgams,53,Creep value of which of the following is the highest?,Low copper amalgam alloy,Admix alloy,Single composition alloys,Creep value of all the above mentioned alloys is same,A,'A' [Manappallil 1st ed 175/ Phillips' 12th ed 352],
Dental Materials,Amalgams,54,Advantage of minimum mercury technique or Eames technique is all except,High strength,Sets quickly,Needs no squeezing of excess mercury,Greater plasticity and adapts well to cavity walls,D,'D' [Manappallil 2nd ed 189],
Dental Materials,Amalgams,55,Amalgam achieves 70% of the strength by:,2 hours,4 hours,8 hours,16 hours,C,'C' [Phillips' 10th ed 379/Manappallil 2nd ed 185],
Dental Materials,Amalgams,56,The solid solution of silver and mercury is called,γ₁,γ₂,β₁,γ,A,'A' [Phillips' 11th ed 503/ 12th ed 344],
Dental Materials,Amalgams,57,The American Dental Association (ADA) specification for dental amalgam alloy is,ADA specification number 1,ADA specification number 5,ADA specification number 10,ADA specification number 2,A,'A' [Rama Krishna Alla 1st ed 7],
Dental Materials,Amalgams,58,"Once triturated, the Dental amalgam should be condensed with in",5 minutes,6 minutes,3 minutes,15 minutes,C,'C' [Phillips' 11th ed 527/ 12th ed 350 Fig 15-15],
Dental Materials,Amalgams,59,What fraction of inhaled mercury vapors retained in the body?,45-55%,55-65%,65-85%,More than 85%,C,'C',
Dental Materials,Amalgams,60,High strength amalgam is achieved by,Maximum matrix and minimum alloy phase,Minimum matrix and maximum alloy phase,Maximum matrix phase,Minimum alloy phase,B,'B' [Phillips' 11th ed 514/ 12th ed 352],
Dental Materials,Amalgams,61,The effect of trituration on strength in an amalgam restoration depends on -,Amalgam alloy,Trituration time,Speed of amalgamator,All of the above,D,"'D' [Phillips' 11th ed 513/ 12th ed 352]
The effect of trituration on strength depends on the type of amalgam alloy, the trituration and speed of the amalgamatory. Under- or over-trituration decreases the strength in both low and high copper amalgams.",
Dental Materials,Amalgams,62,Which of the following does not occur in High Copper Amalgam?,Electrochemical Corrosion,Chemical Corrosion,Penetrating Corrosion,Corrosion does not occur at all,C,"'C' [Phillips' 10th ed 382]
Gamma-2 phase is implicated in both marginal failures and active corrosion in traditional alloys; Oxides and chlorides of tin are the corrosion products in traditional alloys. These are present at the tooth-amalgam interface and penetrate the bulk of restoration. Corrosion products containing copper are found in high copper amalgams. But the corrosion process is more limited, because η-phase is less susceptible to corrosion than γ2 phase of traditional amalgam.",
Dental Materials,Amalgams,63,Decrease in creep occurs in:,Under trituration or over trituration of amalgam,Decreases with condensation pressure,Increases with condensation pressure,Cannot be predictable,C,'C' [Phillips' 11th ed 516/ 12th ed 353],
Dental Materials,Amalgams,64,"For dental amalgam, the elastic modulus and tensile strength is",40 Gpa and 60 – 100 MPa,21 Gpa and 27 – 55 MPa,350 Gpa and 10 – 120 MPa,360 Gpa and 125 – 130 MPa,B,"'B' [Phillips' 11th ed 512/ 12th ed 352]
The tensile strengths of both low and high copper amalgams range between 48 – 70 Mpa.",
Dental Materials,Amalgams,65,Cavo surface angle for amalgam restoration is butt joint as:,It increass compressive and tensile strengths,"Decreased compressive, increased strength","Decreased compressive, decrease tensile strength","Increased compressive, increased tensile strength",A,"'A' [Craig 12th ed 242]
Resistance to compression forces is the most favourable strength characteristic of amalgam. Because amalgam is strongest in compression and much weaker in tension and shear, the cavity design should maximize compressive stresses in service and minimize tension or shear stresses.",
Dental Materials,Amalgams,66,Adequate mixing of mercury is indicated by:,Dry Mix,Shiny Mix,Short Mixing Time,None,B,"'B' [Craig 12th ed 250]
Undermixing, normal mixing and overmixing are the three mixing variables that result from variations in condition of trituration of the alloy and mercury. The undermixed amalgam appears dull and is crumbly, the normal mix appears shiny and separates in a single mass from capsule and the overmixed amalgam appears soupy and tends to stick to the inside of the capsule.",
Dental Materials,Amalgams,67,Which of the following are characteristic feature of high copper amalgam alloy?,Low compressive strength,High marginal breakdown,Less marginal #,High creep,C,"'C' [Phillips' 11th ed 504/ 12th ed 357]
Compared to traditional low-copper amalgam, high copper amalgams became the materials of choice because of their high early strength, low creep, good corrosion resistance and good resistance to marginal fracture.",
Dental Materials,Amalgams,68,Which is true regarding lathe cut silver alloy:,Requires least amount of mercury,Achieves lowest compressive strength at 1 hr.,Has tensile strength both at 15 min & 7 days comparable to high copper unicompositional alloy,Has low creep,C,"'C' [Phillips' 11th ed 512, Tab. 17-2/ 12th ed 352]
Lathe cut alloys contain irregular particles which require more mercury and are important constituents of lower copper alloys. They have highest percentage of creep (2.0%), compared to high copper admix (0.4%) and high copper single composition alloys (0.13).

| | Compressive strength 1hr | Compressive strength 7 days | Creep (%) | Tensile strength at 24 hrs (MPa) |
|---|---|---|---|---|
| Lathecut low copper | 145 | 343 | 2 | 60 |
| Admix high copper | 137 | 431 | 0.4 | 48 |
| Single composition high copper | 262 | 510 | 0.13 | 64 |",
Dental Materials,Amalgams,69,Co-efficient of Thermal expansion of amalgam is,6.6 a (ppm k-1),11.4 a (ppm k-1),14.0 a (ppm k-1),25.0 a (ppm k-1),D,"'D' [Phillips' 11th ed 55, Tab. 3-2/ 12th ed 40 Tab 3-2]
• Option A is for Aluminious porcelain
• Option 'B' is for enamel
• Option 'C' is for pure gold
• Option 'D' is for amalgam",
Dental Materials,Amalgams,70,Gallium and Indium added to Amalgam replace,Silver,Tin,Mercury,Zinc,C,'C' [Sturdevant 5th ed 153],
Dental Materials,Amalgams,71,"A patient who has had a recent amalgam filling in the upper teeth has a gold filling in the lower teeth, the patient complains of pain. The reason for this can be mainly",improper amalgam filling,pulp exposure,galvanism,none of the above,C,'C' [Phillips' 11th ed 61/ 12th ed 43],
Dental Materials,Amalgams,72,Which one of the following is not an objective of trituration?,Remove oxides from powder particle surface,Keep the amount of gamma-1 or gamma-2 matrix crystals to maximum,Pulverize pellets into particles to aid in attack by mercury,Achieve a workable mass of amalgam in minimum time,B,"'B' [Phillips' 11th ed 523, 524/ 12th ed 341]",
Dental Materials,Amalgams,73,Outstanding clinical performance of dental amalgam restoration is related to its,Compressive strength,Tensile strength,Corrosion,Creep,A,'A' [Phillips' 11th ed 512/ 12th ed 352],
Dental Materials,Amalgams,74,High copper amalgam can be produced,From smooth atomized particles,From irregular and spherical particles,From lathe cut particles,From traditional alloy particles,B,"'B' [Phillips' 11th ed 505/ 12th ed 345]
Admixed high copper alloy powders usually contain 30-55% of spherical high copper powder. Lathe cut powders, which are irregular, occupy the remaining.",
Dental Materials,Amalgams,75,Eames technique is otherwise known as,No squeeze cloth technique,Increasing dryness technique,Bloting mix,Mortar and pestle mix,A,"'A' [Sturdevant 4th ed 150/ Also refer synopsis]
Named as Eames or no squeeze or minimal mercury technique, Eames was the first to promote a low mercury to alloy mixing ratio.",
Dental Materials,Metallurgy,1,All of the following statements about cast cobalt alloys are true EXCEPT:,They have a modulus of elasticity twice that of gold alloys,They are more rigid than gold alloys,They have higher ductility than gold alloys,They have a lower proportional limit than gold alloys,C,"'C' [Phillips' 10th ed 451/ 12th ed 383]
Base metal alloys (Ni-Cr, Co-Cr) have high hardness, modulus of elasticity, sag resistance, yield strength, high fusion temperature and casting shrinkage (2.25%). They have lower proportional limit and ductility than gold alloys.

Pure gold is most ductile and most malleable of all the metals.",
Dental Materials,Metallurgy,2,The contraction of gold alloys on solidifying is approximately:,0.4%,1.4%,2.4%,3.4%,B,"'B' [Phillips' 11th ed 577/ 12th ed 386 Tab 16-14]
Solidification shrinkage of gold alloys is 1.25-1.65% whereas for base metal alloys, it is 2-3%.",
Dental Materials,Metallurgy,3,Addition of large amounts of platinum to a casting gold alloy will,Decrease its strength and ability to be hardened.,Decrease its tarnish resistance,Increase its fusion temperature,Redden the alloy,C,"'C' [Check Explanation Below]
Platinum has high fusion temperature and is one of the eight noble metals. It whitens the alloy and is resistant to tarnish and corrosion. On the other hand, addition of large amounts of copper decreases fusion temperature.",
Dental Materials,Metallurgy,4,The pattern for the metallic framework of a removable partial denture is fabricated from:,Inlay wax type-II,Boxing wax,Modelling wax,Casting wax,D,"'D' [Check Explanation Below]
Option 'B' Boxing wax is used to build up vertical walls around the impression to produce desired size and form of base of cast. Option 'A' Type II inlay wax (soft wax) is used in indirect impression technique for inlays and crowns.",
Dental Materials,Metallurgy,5,Ideal requirement of metal-ceramic casting:,Low fusing ceramic and high fusing alloys,Matching of coefficients of thermal expansion of ceramics and alloy,Bonding between ceramic and alloy,All of the above,D,"'D' [Phillips' 11th ed 581/ 12th ed 377]
Ceramics have high melting point and low coefficient of thermal expansion.

The alloys used for metal ceramic restorations should have:
• High fusing
• Their coefficient of thermal expansion should match with ceramics
• Should make bond with ceramic

All are true for veneering with porcelain except
a) High coefficient of thermal expansion than metal
b) High sag resistance (PGI June-13)
c) Solidus temperature of metal should be equal or lower than ceramic
d) Metal should chemically bond with the ceramic",
Dental Materials,Metallurgy,6,Gap between true end of casting ring and wax pattern should be:,¼ inch,½ inch,3/8 inch,one inch,A,"'A' [Phillips' 11th ed 323/ 12th ed 215]
A minimum gap of ¼ inch or 6mm between the ends of casting ring and wax pattern will provide pathways for gas escape during casting.",
Dental Materials,Metallurgy,7,Which of the following is correct:,Type I and Type II gold can be heat treated and annealed,Type III and Type IV gold can be heat treated and annealed,Type I and IV gold can be heat treated and annealed,All the type of gold can be heat treated and annealed,B,"'B' [Phillips' 11th ed 575/ 12th ed 374]
Type III and Type IV gold alloys can be hardened by heat treatment if they contain sufficient amount of copper. Type I and II cannot be hardened by heat treatment.",
Dental Materials,Metallurgy,8,What is the use of boxing an impression:,Ease of construction of denture,Preserving the sulci,Ease of pouring an impression,All of the above,C,"'C' [Phillips' 11th ed 292/ 12th ed 200]
Boxing preserves the sulcus, whereas boxing helps in ease of pouring the impression and obtaining proper impression dimensions.

| Type of wax | Uses |
|---|---|
| Boxing/ Carding wax | To box the impressions before the plaster or stone is poured. |
| Sticky wax | To attach metal parts during investment soldering |
| Bite or corrective wax/ Impression wax. | To make impressions of edentulous ridge |
| Utility wax/ Periphery wax | To give contour to impression trays for use with alginate. |
| Inlay wax | To make wax patterns for inlays. |
| Carving wax or demonstration wax | Used for demonstration purposes. |",
Dental Materials,Metallurgy,9,The strength of a gypsum investment is dependent on:,Carbon content,Silica content,Gypsum,Copper,C,"'C' [Phillips' 11th ed 296/ 12th ed 201]
Gypsum serves as a binder and increases the strength of the investment. The investment contains 25-45% gypsum.

Silica acts as a refractory during heating and controls the setting expansion.

Carbon, copper acts as reducing agents while boric acid, NaCl regulates the setting time and expansion.",
Dental Materials,Metallurgy,10,Resistance to corrosion in a cobalt-chrome casting is due to presence of:,High quality iron,Chrome,Cobalt,Nickel,B,"'B' [Phillips' 11th ed 568/ 12th ed 376]
Aluminum, chromium, titanium have high affinity for oxygen and they form protective oxide film which prevents further oxidation and corrosion. This is called passivation. The most corrosion resistant element is titanium.

Co-Cr, Ni-Cr, Ni-Co-Cr alloys form chromium oxide on their surfaces which makes them corrosion resistant. They should contain minimum of 12% chromium to exhibit passivity.",
Dental Materials,Metallurgy,11,The main form of iron carbide found in 18-8 steel:,Ma:tensite,Ferrite,Austenite,Pearlite,C,"'C' [Phillips' 11th ed 638/ 12th ed 407]
Austenitic stainless steel or 18-8 stainless steel consists of 18% chromium, 8% nickel and 0.15% carbon. Austenite is the main form of iron carbide and provides resistance to corrosion.",
Dental Materials,Metallurgy,12,Flux is used during casting to:,Remove the oxides formed on the gold alloy,Lower the melting point,Replace casting wax,Speed the burnout process,A,"'A' [Phillips' 11th ed 564/ 12th ed 222]
Flux prevents oxidation of molten gold alloy and also aid in minimising porosity of gold alloys. Borax powder ground with equal parts of boric acid powder is commonly used as flux for the casting procedures of gold alloys. Fluoride fluxes are used for casting base metal alloys.",
Dental Materials,Metallurgy,13,NiTi alloys have:,Shape memory,Hyper rigidity,Corrosion resistance,Weldable properties,A,"'A' [Phillips' 11th ed 648/ 12th ed 410]
Nickel titanium alloys have shape memory and super elasticity. The super elastic properties are due to transition of austenite to martensite (AP – 2013) by stress. These alloys are used in orthodontic wires and endodontic files.",
Dental Materials,Metallurgy,14,The maximum carbon content of steel used in dentistry is:,19%,2%,1.7%,4%,C,"'C' [Phillips' 11th ed 636/ 12th ed 406]
Steels are iron-based alloys that contain carbon content less than 1.2%.",
Dental Materials,Metallurgy,15,Pickling:,Is accomplished by soaking the casting in baking soda,Causes porosity in gold,Removes surface oxides from gold castings,Remove investment from gold casting,C,"'C' [Phillips' 11th ed 335/ 12th ed 222]
The surface of the casting appears dark with oxides and tarnish. Pickling is the process of removing such a surface film. 50% HCl (NEET- 2013), H₂So₄ are generally used as pickling solutions.

50% HCl is the best pickling solution for gypsum bonded investments.",
Dental Materials,Metallurgy,16,Wax pattern is ideally invested immediately to decrease the dimensional changes caused by:,Decrease flow,Continuous expansion,Relaxation of the internal stresses,Water loss,C,'C' [Phillips' 12th ed 199],
Dental Materials,Metallurgy,17,Stainless steel orthodontic wire can be hardened by: (OR) Bending orthodontic wire at room temperature is an example of,Tempering,Work/ Strain hardening,Age hardening,Precipitation hardening,B,"'B' [Phillips' 11th ed 640/ 12th ed 408]
Cold working or work hardening hardens stainless steel.",
Dental Materials,Metallurgy,18,The most commonly used Titanium alloy for dental and medical purposes is:,Ti 6Al 4V,Ti 5Al 4V,Ti 5Al 5V,Ti 6Al 6V,A,'A' [Phillips' 11th ed 649/ 12th ed 411],
Dental Materials,Metallurgy,19,A thinner mix of a gypsum-bonded investment will:,Produce a smoother casting,Decrease setting expansion,Increase setting expansion,Increase thermal expansion,B,"'B' [Phillips' 11th ed 302, 306/ 12th ed 187]
Increased water powder ratio or thinner mix decreases the setting expansion. The best way to increase setting expansion is adding modifiers like boric acid and chlorides of Na, K, Li. These substances decrease gypsum shrinkage during the process of heating.",
Dental Materials,Metallurgy,20,Cobalt-Chromium alloys contains:,30% cobalt and 60% chromium,60% cobalt and 30% chromium,1% palladium,20% gold,B,'B' [Phillips' 11th ed 596],
Dental Materials,Metallurgy,21,Which one of the following is most elastic?,α titanium,β titanium,Chrome-cobalt-nickel,Nickel titanium,D,'D' [Phillips' 11th ed 646/ 12th ed 409],
Dental Materials,Metallurgy,22,Gypsum bonded investment should not be heated over:,700°C,"1,300°C","1,063°C",900°C,A,"'A' [Phillips' 11th ed 297/ 12th ed 204]
Above 700°C, there is decomposition of gypsum investment with release of sulphur dioxide. The sulphur dioxide reacts with silver and copper to form their sulphides and thus contaminates the casting.",
Dental Materials,Metallurgy,23,Cleaning of base metal alloy is done by:,Warm HCI,Cold HF,Cold H₂SO₄,Sand blasting with aluminium oxide,D,"'D' [Phillips' 11th ed 337/ 12th ed 222]
Acid should never be used for cleaning base metal alloys.",
Dental Materials,Metallurgy,24,Glossy smooth margins of a casting are due to:,Shrinkage of alloy on cooling,Investment breakdown,Incomplete wax elimination,Incomplete gas elimination,C,"'C' [Phillips' 11th ed 348/ 12th ed 227]
Incomplete casting with rounded margins and shiny appearance occurs due to incomplete wax elimination. This shiny condition is caused by carbon monoxide left by residual wax.",
Dental Materials,Metallurgy,25,Which of the following zones is used for melting alloy during casting:,Reducing flame,Oxidizing flame,Green flame,All of the above,A,"'A' [Phillips' 11th ed 334/ 12th ed 221, 392]

| | |
|---|---|
| First zone of flame | No heat |
| Combustion zone (green) | • Definitely oxidizing • Not used for melting alloys. |
| Reducing zone (blue) | • Hottest part. • This zone is used for melting alloy. |
| Oxidizing zone | Not used |",
Dental Materials,Metallurgy,26,Incomplete casting is the result of:,More porous investment in the mould,Narrow sprue diameter,Hollow sprue pin,Large reservoir,B,"'B' [Phillips' 11th ed 347/ 12th ed 227]
Incomplete casting is due to incomplete filling of mold by molten alloy. The common causes, which inhibit the ingress of the liquefied metal, are:

• Insufficient venting - If the air cannot be vented quickly, the molten alloy does not fill the mold before it solidifies.
• High viscosity of metal due to insufficient heating.
• Incomplete elimination of wax residues from the mold. If too many products of combustion remain in the mold, the pores in the investment may become filled so that the air cannot be vented completely.
• Narrow sprue diameter, etc.",
Dental Materials,Metallurgy,27,Back pressure porosity can be avoided by:,Using asbestos liners,Placing the sprue at least one quarter inch away from the end of casting ring,Preventing rapid heating the investment in burnout oven,Using a short and wide sprue,B,"'B' [Phillips' 11th ed 346/ 12th ed 227]
Back pressure porosity is caused by the entrapped air in the mould that cannot escape through the pores of the investment (low investment permeability). This porosity is seen as large voids on the inner surface of casting. It is prevented by using high casting pressure, proper burnout technique and ensuring that the thickness of investment between end of pattern and casting ring is not more than ¼ inch (6mm).",
Dental Materials,Metallurgy,28,Mouth temperature waxes are:,Iowa wax,Modeling wax,Green stick wax,None of the above,A,"'A' [Check Explanation Below]
IOWA wax, KORECTA wax NO. 4, H – L Physiologic Paste, and ADAPTOL are examples of mouth temperature waxes. These waxes are designed to flow at mouth temperature. These are used in fluid wax technique of recording posterior palatal seal.",
Dental Materials,Metallurgy,29,Setting expansion is advantageous in:,Casts,Models,Investment,Dies,C,"'C' [Phillips' 11th ed 296/ 12th ed 203]
Investment should expand to compensate for the casting shrinkage.

Expansion of gypsum investments:
• Normal setting expansion - 0.3-0.5%
• Hygroscopic expansion - 1.2-2%
• Thermal expansion - 1-2%",
Dental Materials,Metallurgy,30,Tempering of steel cause,increases its toughness,increases hardness,increases ductility,decreases its toughness,A,"'A' [Phillips' 11th ed 598/ 12th ed 408]
Tempering is a process of heat treating, which is used to increase the toughness of iron-based alloys. Tempering reduces the ductility of the metals.",
Dental Materials,Metallurgy,31,Indium in metal alloys:,Improve bonding,Harden the metal ceramic Ag-Pd alloy,Both A and B,None of the above,C,"'C' [Phillips' 11th ed 586/ 12th ed 382]
Tin oxide and indium oxide improves the bonding and hardens Ag-Pd alloys.",
Dental Materials,Metallurgy,32,"In a patient with allergy to costume jewelry, which of the following is contraindicated:",High gold,Low gold,Palladium – Ag,Ni – Cr,D,'D' [Phillips' 11th ed 597/ 12th ed 375],
Dental Materials,Metallurgy,33,Which of the following will produce the most rigid restoration for framework of same dimension?,Wrought alloy,Palladium alloys,Cobalt-chrome alloys,Partial denture casting gold in hardened condition,C,'C' [Phillips' 11th ed 598/ 12th ed 383],
Dental Materials,Metallurgy,34,Turbulence of molten gold is due to:,Impurities in gold,Improper venting,A and B,None of the above,D,"'D' [Phillips' 11th ed 321/ 12th ed 214]
Turbulence of molten gold results when the sprue former is attached at right angles. Turbulence can be prevented by directing the sprue at 45° to the proximal area of wax pattern and by attaching the sprue former at the point of greatest bulk in the pattern.",
Dental Materials,Metallurgy,35,"Apart from composites and ceramics, another material that could be copy milled easily and inexpensively is:",Molybdenum,Germanium,Titanium,Chromium,C,"'C' [Phillips' 11th ed 567/ 12th ed 386]
Ceramics and metals like titanium, which are difficult to cast, are fabricated by CAD-CAM process and copy milling.",
Dental Materials,Metallurgy,36,A highly polished surface on a metallic dental restoration aids considerably in the prevention of the:,Dimensional change,Thermal conductivity,Warpage,Tarnish and corrosion,D,'D',
Dental Materials,Metallurgy,37,Phosphate bonded investment should be completely carbon free otherwise,Investment chips off when molten metal enters the mold space,Black castings,Carbon makes the casting brittle,Smooth casting,C,"'C' [Rama Krishna Alla 1st ed 301]
In case of silver-palladium or base metal alloys, it is believed that carbon embrittles the alloys, even though the investment is heated to temperature that burns out the carbon. But latest evidences indicate that palladium reacts with carbon at temperature above 1504°C. Thus if the casting temperature of a high palladium alloy exceeds this critical point, a phosphate bonded investment without carbon should be used. Also, a carbon crucible should not be employed for melting the alloy.",
Dental Materials,Metallurgy,38,The yield strength of Austenite (NiTi alloy) is:,100 Mpa,240 Mpa,560 Mpa,700 Mpa,C,"'C' [Phillips' 11th ed 646/ 12th ed 407]
The austenite phase of Ni-Ti alloys undergoes transformation to martensite when exposed to stress conditions. Super elasticity is exhibited by Ni-Ti wires or files in martensite phase.",
Dental Materials,Metallurgy,39,Which zone is the hottest and efficient burning zone of the flame used for casting?,Oxidizing zone,Reducing zone,Combustion zone,None of the above,B,'B' [Check In Synopsis],
Dental Materials,Metallurgy,40,Stabilization of stainless steel is achieved by adding:,Carbon,Chromium,Nickel,Titanium,D,"'D' [Phillips' 11th ed 579, 640/ 12th ed 407]
Stainless steel is resistant to tarnish and corrosion due to chromium oxide layer formation (passivation). But when 18-8 stainless steels are heated to 400-900°C, chromium combines with carbon and forms chromium carbide. As a result, the corrosion resistance of steel is reduced. This is called sensitization.

To avoid this, titanium is added to stainless steel as titanium is readily precipitated as titanium carbide in preference to chromium. This is called stabilization of stainless steel.",
Dental Materials,Metallurgy,41,Localised shrinkage porosity is seen when there:,Thin sprue,No reservoir,Investment heated strongly,Inadequate air discharge,A,"'A' [Phillips' 11th ed 342, 320/ 12th ed 226]",
Dental Materials,Metallurgy,42,The function of a sprue is to:,Form an opening for molten metal to enter the mold,Help polish cast restorations,Eliminate air bubbles on the wax pattern,Reproduce fine detail,A,'A' [Phillips' 11th ed 319/ 12th ed 213],
Dental Materials,Metallurgy,43,Sub surface porosity can be decreased by:,Decreasing the sprue length,Decreasing the sprue thickness,Increasing the melting temperature,Increasing the mould temperature,B,"'B' [Phillips' 11th ed 346/ 12th ed 226]
Sub surface porosity is due to rapid entry of molten metal into the mold. Sub surface porosity can be reduced by increasing the sprue length and by reducing the sprue thickness and mould metal temperature.",
Dental Materials,Metallurgy,44,Softening heat treatment of alloy increases:,Tensile strength,Proportional limit,Ductility,Hardness,C,"'C' [Phillips' 11th ed 576/ 12th ed 374]
Softening heat treatment decreases the mechanical properties of alloys but increases ductility.
Hardening heat treatment (Age hardening) increases hardness, yield strength, proportional limit but decreases ductility.",
Dental Materials,Metallurgy,45,The inlay wax most commonly used for direct technique:,Type 1,Type 2,Type 3,Type 4,A,"'A' [Phillips' 11th ed 284/ 12th ed 195]
In 'direct technique' of preparation of wax pattern, Type I or medium or Type B wax is used whereas in 'indirect technique' Type II or soft or Type C wax is used.",
Dental Materials,Metallurgy,46,Reduction in the fusion temperature of dental gold casting alloys is caused by presence of:,Platinum,Copper,Silver,Gold,B,"'B' [Phillips' 10th ed 438]
Copper decreases the fusion temperature but increases the hardness and corrosion resistance.",
Dental Materials,Metallurgy,47,The purity of gold is expressed in:,Carats,Percentage,Fineness,Gram,C,"'C' [Phillips' 11th ed 574/ 12th ed 368]
Fineness is more practical than karat. Karat is parts of pure gold in 24 parts of alloy. Fineness is the number of parts per 1000 of gold. For example, pure gold has a fineness of 1000, and a 650 fine alloy has a gold content of 65%.

Gold 750 fineness means (AIPG-2015): a) 75 karat   b) 75%   c) 750%   d) 750 gram",
Dental Materials,Metallurgy,48,Function of carnauba wax:,To provide a smooth and glossy surface,Increase toughness,Decrease toughness,Decrease flow at room temperature,D,"'D' [Phillips' 11th ed 286/ 12th ed 196]
Carnauba wax decreases flow at mouth temperature and also contributes to glossiness.",
Dental Materials,Metallurgy,49,"In a metal ceramic crown for a FPD the function of tin, indium which are readily oxidized minor constituents is to:",Improve bonding,Decrease porosity,"They react with the porcelain opaque layer, which masks the metal",Improves the thermal expansion between the metal and porcelain,A,'A' [Phillips' 11th ed 586],
Dental Materials,Metallurgy,50,The porosity formed due to simultaneous nucleation of solid grains and gas bubbles at the first moment that metal freezes at the mold walls is called:,Pinhole porosity,Gas inclusion porosity,Micro porosity,Subsurface porosity.,D,'D' [Phillips' 11th ed 346/ 12th ed 226],
Dental Materials,Metallurgy,51,Investment material used for cobalt-chromium alloys is:,Gypsum bonded,Phosphate bonded,Silica bonded,None of the above,B,"'B' [Phillips' 11th ed 310/ 12th ed 382]
Base metal alloys, high melting gold alloys, which are used for metal ceramic restorations, are invested by phosphate-bonded investments.

Option 'A' gypsum-bonded investments are used for casting gold alloys. These can withstand a temperature of 700°C.

Option 'C' silica bonded investments are an alternative to the phosphate-bonded investments, for high temperature casting. They are used in the casting of Base Metal Alloy Partial Dentures.",
Dental Materials,Metallurgy,52,Soldered connectors in fixed partial dentures involve the use of an intermediate metal alloy whose melting temperature is,Higher than parent metal,Lower than parent metal,Equal to parent metal,Unrelated to parent metal,B,"'B' [Philip's 12th ed 390]
The flow temperature of the filler metal should be at least 55.6°C lower than the solidus temperature of the substrate metals.",
Dental Materials,Metallurgy,53,Silica sol:,Is applied to the walls of the investment to produce hygroscopic expansion,Increase the strength and the setting expansion of the phosphate-bonded investments,Acts as a retarder in the silica bonded investments,Acts as a refractory in the silica bonded investments,B,'B' [Phillips' 11th ed 311/ 12th ed 210],
Dental Materials,Metallurgy,54,The base constituents of dental waxes come from three main sources except:,Animal,Mineral,Insect,Vegetable,C,"'C' [Phillips' 11th ed 285/ 12th ed 196]
Waxes are biosynthesized by many plants and animals. The most commonly known animal wax is bees wax. The most important plant wax is Carnauba wax. The examples of synthetic waxes are paraffin wax (derived from petroleum or coal) and Montan wax (coal and lignite).",
Dental Materials,Metallurgy,55,Boxing wax is also called as:,Carding wax,Inlay wax,Utility wax,Sticky wax,A,'A' [Craig 354],
Dental Materials,Metallurgy,56,Stainless steel is used mostly in dentistry:,To strength amalgam,In orthodontic wires,To construct clasps for partial dentures,To replace internal gold restorations,B,"'B' [Phillips' 11th ed 636/ 12th ed 407]
Stainless steel (Fe-Cr-Ni), Elgiloy (Co-Cr-Ni), β-Titanium (TMA) and Nickel titanium alloys can be used for orthodontic wires.

The name elgiloy is synonymous with (KERALA-16): a) Silver tin alloy   b) Nickel chrome alloy   c) Chrome cobalt alloy   d) Nickel cadmium alloy",
Dental Materials,Metallurgy,57,Shape memory in NiTi is because of str essinduced form,Austenite to martensite,Martensite to austenite,Ferrite to austenite,Austenite to ferrite,A,'A' [Phillips' 11th ed 648/ 12th ed 407],
Dental Materials,Metallurgy,58,A common electrolyte used for plating copper indirect dies is:,Copper cyanide,Ionic copper,Acidic copper sulfate,Silver cyanide,C,'C' [Phillips' 11th ed 318/ 12th ed 213],
Dental Materials,Metallurgy,59,Casting shrinkage is compensated by:,Thermal expansion,Hygroscopic expansion,Wax expansion,All of the above,D,'D' [Phillips' 11th ed 327/ 12th ed 211],
Dental Materials,Metallurgy,60,Waxes are used for:,Primary impression,Corrective impressions,Impression of single tooth,None of the above,B,"'B' [Phillips' 11th ed 292/ 12th ed 200]
Bite or corrective waxes are the impression waxes and are limited to edentulous areas.",
Dental Materials,Metallurgy,61,The gold alloys used for casting contain at least......... percent of precious metal according to ADA specification number 5:,55,65,75,85,C,'C' [Phillips' 12th ed 369],
Dental Materials,Metallurgy,62,Passivating alloys are:,"Cr, Al, Ti","Cr, Mo, Ti","Cr, Gold, Ti","Cr, Fe, Ti",A,'A' [Phillips' 11th ed 568/ 12th ed 375],
Dental Materials,Metallurgy,63,Impurities in casting is removed by:,Annealing,Degassing,Pickling,Conditioning,C,'C' [Phillips' 11th ed 335/ 12th ed 222],
Dental Materials,Metallurgy,64,Which of the following refractory is used to counteract most of the expansion,Quartz,Cristobalite,Tridymite,Corundum,B,"'B' [Phillips' 11th ed 298/ 12th ed 202]
Quartz, tridymite and crystobolite are allotropic forms of silica. When quartz and crystobolite are heated they invert from low form (alpha) to high form (beta). This beta form exhibits rapid expansion. As the inversion temperature of crystobolite is less than quartz it is the best choice as a refractory material.",
Dental Materials,Metallurgy,65,Shape memory is seen in:,Stainless steel wire,NITINOL wire,TMA wire,Aluminium,B,'B' [Phillips' 11th ed 648/ 12th ed 407],
Dental Materials,Metallurgy,66,Crucible indicated for casting base metal alloys is:,Carbon crucible,Clay crucible,Quartz crucible,High melting plastic crucible,C,"'C' [Phillips' 11th ed 333]
Quartz crucibles are suitable for fusing the alloys which are sensitive to carbon such as palladium and base metal alloys. Carbon crucibles are for high-fusing gold alloys and clay crucibles are suitable for high noble alloys.",
Dental Materials,Metallurgy,67,The best pickling solution for gypsum bonded investment is:,Hydrochloric acid,Nitric acid,Sulphuric acid,Phosphoric acid,A,'A' [Phillips' 11th ed 335/ 12th ed 221],
Dental Materials,Metallurgy,68,Hardening is the process done at,Heating 750°C and slowly cooling to zero degrees,Heating quickly upto 450°C followed by sudden quenching,Heating upto 250°C for 15 to 30 min,Heating at 750° C and then quenching to room temperature,C,"'C' [Phillips' 11th ed 576/ 12th ed 374]
Option 'D' is softening heat treatment.",
Dental Materials,Metallurgy,69,Corrosion of stainless steel is due to formulation of:,Chromium carbide,Carbon carbide,Iron carbide,Nickel carbide,A,'A' [Phillips' 11th ed 639/ 12th ed 407],
Dental Materials,Metallurgy,70,Titanium casting is done:,Under vacuum in argon atmosphere,Under air pressure in nitrogen atmosphere,In specially fabricated aluminum vanadium crucibles,Using CAD-CAM technique,A,"'A' [Phillips' 11th ed 579/ 12th ed 222]
Titanium has high melting point (1668°C) and a special casting machine with arc melting capability and an argon atmosphere is typically used.",
Dental Materials,Metallurgy,71,The rapid decrease in tensile strength and increase in ductility of a wrought metal is seen in which stage of annealing?,Recovery stage,Recrystallisation stage,Grain growth stage,All of the above,B,'B' [Phillips' 11th ed 634/ 12th ed 405],
Dental Materials,Metallurgy,72,Gold content of an 18 carat alloy is:,25%,50%,75%,100%,C,'C' [Phillips' 11th ed 574/ 12th ed 368],
Dental Materials,Metallurgy,73,Which one of the following categories of dental materials has the highest thermal conductivity?,Unfilled acrylic plastics,Gold alloys,Porcelains,Zinc phosphate cements,B,'B' [Phillips' 12th ed 39],
Dental Materials,Metallurgy,74,The sprue in wax pattern should be placed:,At right angle,At 45° angle,At obtuse angle,It depend upon type of wax pattern,B,"'B' [Phillips' 11th ed 321/ 12th ed 214]
The spruce is placed at 45° angle to the wax pattern.",
Dental Materials,Metallurgy,75,Most biocompatible material in oral cavity is:,Platinum,Palladium,Titanium,Gold,C,'C' [Phillips' 11th ed 579/ 12th ed 376],
Dental Materials,Metallurgy,76,Quartz in investment material is added for,Strength,Expansion components for casting shrinkage,Decrease strength,Contraction,B,'B' [Phillips' 11th ed 297/ 12th ed 201],
Dental Materials,Metallurgy,77,Which of the waxes are derived from the lignite:,Paraffin wax,Inlay wax,Microcrystalline wax,Montan wax,D,"'D' [Kirk-Othmer Food and Feed Technology volume 2 Pg 627]
Montan wax, also known as lignite wax or OP wax, is a hard wax obtained by solvent extraction of certain types of lignite or brown coal.",
Dental Materials,Metallurgy,78,Inlay wax is used to:,Temporarily cement inlays,Make inlay wax patterns,Invest inlay patterns,Box models,B,'B' [Phillips' 11th ed 284/ 12th ed 195],
Dental Materials,Metallurgy,79,Silver plated dyes use an electrolytic bath of:,Silver fluorides,Silver cyanide,Silver bromide,Silver iodide,B,'B' [Phillips' 11th ed 319/ 12th ed 213],
Dental Materials,Metallurgy,80,18-8 Stainless steel orthodontic wire has:,18% Nickel 8% Chromium,18% Chromium 8% Nickel,18% Chromium 8% Cobalt,18% carbon 8% Iron,B,'B' [Phillips' 11th ed 638/ 12th ed 407],
Dental Materials,Metallurgy,81,Suck back porosity is due to:,Attached impurities on undersurface of casting,Hot spot,No rapid cooling,Inadequate melting temperature,B,'B' [Phillips' 11th ed 343/ 12th ed 226],
Dental Materials,Metallurgy,82,Disadvantage of having a short sprue is:,Rapid solidification of metal,No place for reservoirs,Incomplete evacuation of gases,Difficulty in removing casting from investment,C,'C' [Phillips' 11th ed 322/ 12th ed 226],
Dental Materials,Metallurgy,83,Air bubbles formed on the surface of casting is probably due to:,Improper casting pressure,Improper heating of the investment,Improper angulations of sprue,Improper wetting of the wax pattern by the investment,D,'D' [Phillips' 11th ed 338/ 12th ed 227],
Dental Materials,Metallurgy,84,Who was the first person to introduce cast inlay restoration into dentistry?,William H Taggart,Buonocore,G.V. Black,Bowen,A,'A' [Phillips' 11th ed 565/ 12th ed 368],
Dental Materials,Metallurgy,85,Asbestos liner is used in a casting ring to:,Facilitate venting of the mold,Retard the heating of the investment,Permit expansion of the mold,All the above,C,"'C' [Phillips' 11th ed 323/ 12th ed 215]
Use of split casting ring or flexible rubber ring or ring liners like cellulose and aluminum silicate ceramic liner helps in expansion of the mold and reduces the effect of confinement. Because of its carcinogenic potential, asbestos is not used as ring liner.",
Dental Materials,Metallurgy,86,The main ingredient of inlay wax is,Candellila wax,paraffin wax,carnauba wax,gum dammar,B,"'B' [Phillips' 11th ed 285/ 12th ed 196]
Paraffin wax is the main ingredient of inlay waxes, usually in concentration of 40-60% wt%.",
Dental Materials,Metallurgy,87,Which of the following decrease with strain hardening,surface hardness,strength,proportion limit,corrosion resistance,D,"'D' [Phillips' 11th ed 88/ 12th ed 404]
By excluding the effects of cold working only ans 'D' is left and it is the correct answer.",
Dental Materials,Metallurgy,88,Casting flux is used to,Prevent the oxidation of the metal during melting,Increase the melting point of the flux,Prevent the contamination of the metal and the liner,All of the above,A,'A' [Phillips' 11th ed 335/ 12th ed 222],
Dental Materials,Metallurgy,89,Suck back porosity in the casting can be eliminated by,Increasing the mould metal temperature difference,Increasing the flow of molten metal,Flaring the point of the sprue attachment,None of the above,C,'C' [Phillips' 11th ed 344/ 12th ed 226],
Dental Materials,Metallurgy,90,Gases dissolved in molten metals are liberated when cooled giving rise to,Suckback porosity,Gas inclusion porosity,Localized shrinkage porosity,Microporosity,B,"'B' [Phillips' 11th ed 344/ 12th ed 227]
See synopsis ""Porosity""",
Dental Materials,Metallurgy,91,The component in very minor quantity in stainless steel that changes the properties to a maximum level is,Carbon,Molybdenum,Chromium,Nickel,A,'A',
Dental Materials,Metallurgy,92,Percentage of gold in high noble alloy is,< 25%,25%,>40%,0%,C,"'C' [Phillips' 11th ed 570 Box 19-1/ 12th ed 369 Tab 16-1]

| | |
|---|---|
| High noble alloys | Must contain > 40 wt% of gold |
| Predominantly Base metal | Contain < 25 wt% of noble metal elements |
| Noble alloys | Must contain >25 wt% of noble metal elements (Au, Pt, Pd, Rh, Rh, Os, Ir) |",
Dental Materials,Metallurgy,93,Binder used in Gypsum investment is,Silica,Quartz,Cristobolite,Calcium sulphate monohydrate,D,'D' [Phillips' 11th ed 297/ 12th ed 201],
Dental Materials,Metallurgy,94,Which of the following is function of fluoride flux in soldering process?,It prevents the formation of copper oxide,It prevents the formation of chromium oxide or dissolves chromic oxide layer,It prevents the flow of material in undesirable area,Increases the strength of solder,B,'B' [Phillips' 11th ed 621/ 12th ed 389],
Dental Materials,Metallurgy,95,Nickel-Titanium alloy has,unreliable spring back,low spring back,minimal spring back,none of the above,D,"'D' [Phillips' 11th ed 646/ 12th ed 409]
Ni-Ti alloys have high spring back action.",
Dental Materials,Metallurgy,96,The deoxidizing agent added to dental alloys is,Palladium,Silver,Copper,Zinc,D,"'D' [Phillips' 10th ed 365, 366/ 12th ed 375]",
Dental Materials,Metallurgy,97,Advantage of titanium over other base metal alloys,Low weight,Low cost,Low strength,Low melting point,A,"'A' [Phillips' 11th ed 579/ 12th ed 376]
Important properties of Titanium:
• Most biocompatible
• Low density (low weight)
• Highest melting point",
Dental Materials,Metallurgy,98,Function of wetting agents used in casting procedure is,To felicitate wetting of ring liner,To felicitate mixing investment,To reduce contact angle of a liquid with wax surface,For better wax elimination,C,"'C' [Phillips' 11th ed 339/ 12th ed 216]
A wetting agent applied in a thin layer helps in proper wetting by the wax to the investment.",
Dental Materials,Metallurgy,99,The rate of tarnish and corrosion of class II cast material having VHN 200 is,0%,2 to 3%,5 to 10%,<1%,A,'A' [Phillips' 11th ed 342],
Dental Materials,Metallurgy,100,Component of Inlay wax which makes it flake resistant is,Paraffin,Carnauba,Gum dammar,Canadelila,C,"'C' [Phillips' 11th ed 286/ 12th ed 196]

COMPOSITION OF WAXES:

| | |
|---|---|
| Paraffin | • Basic constituent • Have tendency to flake • Less smooth and glossy |
| Gum dammar | • Improves smoothness • Decreases flaking |
| Carnuba/ Candelilla | • To decrease flow • Imparts glossy surface |
| Ceresin | May replace part of paraffin |",
Dental Materials,Metallurgy,101,Microstructure of cobalt chromium alloy in cast condition is,fibrous,homogeneous,inhomogeneous,amorphous,C,"'C' [Phillips' 11th ed 112/ 12th ed 76]
The microstructure of any cast dental alloys consists of heterogeneous nucleation.",
Dental Materials,Metallurgy,102,Within an hour after cementation of cast gold onlay patient complains of shooting pain every time the teeth comes together. Most probable explanation is?,Supraocclusion of restoration,Retained cement in gingival sulcus,Excess acid in mix,Galvanic current caused by gold onlay occluding with a large restoration,D,'D' [Phillips' 11th ed 61/ 12th ed 43],
Dental Materials,Metallurgy,103,Dendrites in cast alloys form by mechanism of,constitutional superconductivity,constitutional supercooling,constitutional supergriting,constitutional supergraining,B,"'B' [Phillips' 11th ed 113]
• Super cooling is the cooling of liquid (Molten) metal from its fusion temperature to a point at which the temperature remains constant.
• Dendrites in pure metals grow by the mechanism of thermal super cooling, whereas dendrites in cast alloys form by constitutional super cooling.",
Dental Materials,Metallurgy,104,Which one of the following elements is NOT added in small amount to be used as grain refiners?,Iridium,Ruthinium,Indium,Platinum,D,"'D' [Phillips' 11th ed 116/ 12th ed 79]
Grain refinement is the process of reducing grain size in solid metal by adding an element or compound to the molten metal and cooling at a prescribed rate.

Eg.: Iridium, ruthenium or rhenium in less than 1 wt% for palladium alloys and much smaller for gold alloys.",
Dental Materials,Metallurgy,105,"Compared with noble metals, base metals show",Increased hardness,Increased ductility,Better biocompatibility,Increased density,A,"'A' [Phillips' 11th ed 599/ 12th ed 375]
Compared with noble metal alloys, base metal alloys have higher hardness, stiffness, strength and sag resistance but low density, ductility and castability.

Density of base metal alloys compared to gold alloys is (AIIMS MAY-2015): a) Half   b) Doubled   c) Increases by 4 times   d) Similar",
Dental Materials,Metallurgy,106,Binder in Phosphate bonded investment is,Magnesium oxide & Phosphate,Magnesium oxide & Phosphoric acid,Magnesium oxide & Monoammonium phosphate,Magnesium oxide & Ortho Phosphoric acid,C,'C' [Phillips' 11th ed 310/ 12th ed 207],
Dental Materials,Metallurgy,107,Mechanical properties of Cp Titanium are similar to alloys,type III and type IV gold,type V and type VI gold,type VII and type VIII gold,none of the above,A,"'A' [Phillips' 11th ed 579/ 12th ed 376]
Commercially pure titanium (CPT) can be used for all metal and metal ceramic prostheses as well as for implants and removable partial denture frameworks. There are five unalloyed grades of CPT; (grades 1-4 and grade T) based on concentration of oxygen and nitrogen. The properties are similar to type III and type IV gold alloys.",
Dental Materials,Metallurgy,108,"Which of the following fuel gases used for soldering, has the highest heat content -",Hydrogen,Natural gas,Acetylene,Propane,D,"'D' [Phillips' 11th ed 613/ 12th ed 391]
Of the readily available gases, both Propane and Butane have the good flame temperature and the highest heat content.",
Dental Materials,Metallurgy,109,The effects associated with cold working can be eliminated by a heat treatment called -,Age hardening heat treatment,Annealing heat treatment,Homogenization heat treatment,Solution heat treatment,B,'B' [Phillips' 11th ed 576/ 12th ed 404],
Dental Materials,Metallurgy,110,Which of the following increases castability of base metal alloys -,Tin,Beryllium,Molybdenum,Carbon,B,'B' [Phillips' 11th ed 596/ 12th ed 375],
Dental Materials,Metallurgy,111,"With indirect spruing, which one of the following porosities can be minimised -",Back pressure porosity,localized shrinkage porosity,Pin hole porosity,Micro porosity,B,'B' [Phillips' 11th ed 343/ 12th ed 225],
Dental Materials,Metallurgy,112,"During soldering, the solidus temperature of the filler material should be -",Greater than the substrate material,Lesser than the substrate material,Equal to the substrate material,Temperature not relevant,B,'B' [Phillips' 11th ed 610/ 12th ed 389],
Dental Materials,Metallurgy,113,The linear solidification shrinkage of Type IV Ni-Cr based alloys is -,2.3%,1.56%,1.37%,3%,A,"'A' [Phillips' 11th ed 577, Tab. 19-2/ 12th ed 386 Tab 16-14]

| Linear solidification shrinkage of casting alloys | |
|---|---|
| Alloy type | Casting shrinkage (%) |
| Type I (Au-based) | 1.56 |
| Type II (Au-based) | 1.32 |
| Type III (Au-based) | 1.42 |
| Type IV (Ni-Cr based) | 2.30 |
| Type IV (Co-Cr based) | 2.30 |",
Dental Materials,Metallurgy,114,The solvent flux used for base metal soldering is -,Boric acid,Borax,Fluoride,Rouge,C,"'C' [Phillips' 11th ed 609/ 12th ed 222]
Fluxes for noble metal alloys are based on boric or borate compounds such as boric acid, boric anhydrate and borax. These are called as Type I flux. Copper oxide acts as type II flux. Type III is Fluoride flux and is used for base metal alloys.",
Dental Materials,Metallurgy,115,Which of the following cast gold alloys is used for fabricating partial denture frameworks -,Type I - Soft,Type II - Hard,Type III - Hard,Type IV - Extra Hard,D,'D' [Phillips' 11th ed 571/ 12th ed 369],
Dental Materials,Metallurgy,116,"In base metal alloys, corrosion resistance occurs due to",Passivity,High fusion temperature,High molecular weight,Co-efficient of thermal expansion,A,'A' [Phillips' 11th ed 579/ 12th ed 376],
Dental Materials,Metallurgy,117,Modern dental noble metal casting alloys generally have equiaxed fine grain structures because of the incorporation of small amounts of,Chromium,Indium,Iridium,Palladium,C,"'C' [Phillips' 11th ed 116/ 12th ed 79]
The term equiaxed means that three dimensions of each grain are similar.

Grains in dendritic structure are elongated. Dendritic micro structures are not desirable for cast dental alloys because the inter dendritic regions can serve as sites for crack propagation.

Addition of about 1 wt% of Iridium, ruthenium or rhenium as grain refiners makes modern dental noble metal casting alloys as equiaxed microstructures.",
Dental Materials,Metallurgy,118,The castability of chromium-cobalt base metal alloys when compared to gold based noble metal alloys is,More,Less,Equal,Depends on the alloy type,B,'B' [Phillips' 11th ed 599/ 12th ed 382],
Dental Materials,Metallurgy,119,Nickel is added to wrought gold alloys as -,Strengthener,Hardener,Whitens the alloy,Scavenger,A,"'A' [Phillips' 10th ed 652]
Gold alloy wires contain Nickel. Nickel provides additional strengthening, but the amount is limited to avoid reduction in tarnish resistance and interference with age hardening.",
Dental Materials,Metallurgy,120,Fins and spines on the casting is seen due to,Prolonged heating,Rapid heating rate,Water film contamination,Too high pressure during casting,B,"'B' [Phillips' 10th ed 515/ 12th ed 224]
Rapid heating rates results in fins or spines on the casting or a characteristic surface roughness may be evident because of flasking of the investment when the water or steam pours into mould.

The mould should be heated gradually; atleast 60 minutes should elapse during the heating of the investment filled ring from room temperature to 70°C.",
Dental Materials,Metallurgy,121,Stages of annealing in order,"Recovery recrystallization, grain growth","Recrystallization recovery, grain growth","Grain growth, Recrystallization, recovery","Melting point, Grain growth, Recrystallization",A,"'A' [Phillips' 11th ed 633/ 12th ed 404]
The effects of cold working (strain hardening) are decreased ductility and distorted grains. This can be reversed simply by healing the metal. This process is called annealing. Annealing takes place in 3 successive stages recovery, recrystallization and grain growth.",
Dental Materials,Metallurgy,122,Solder and flux used for joining Elgiloy wires are,Gold solder and borax flux,Gold solder and fluoride flux,Silver solder and borax flux,Silver solder and fluoride flux,D,"'D' [Phillips' 11th ed 645/ 12th ed 409]
Elgiloy is alloy of cobalt (40%), chromium (20%) and nickel (15%) used for orthodontic appliances and watch springs. The solder and flux for joining elgiloy are same as stainless steel i.e.
• Solder - silver solder
• Flux - fluoride",
Dental Materials,Metallurgy,123,Dr. Taggart is associated with,Discovery of Ceramics,Lost wax technique,Acid etch technique,Bleaching procedures,B,'B' [Phillips' 11th ed 565/ 12th ed 368],
Dental Materials,Metallurgy,124,Which of the following fuel gases is the best choice of heat source to carry out soldering process?,Propane,Acetylene,Natural gas,Hydrogen,A,"'A' [Phillips' 11th ed 613/ 12th ed 391]
Propane gas:
• Best choice fuel gas
• Highest heat content
• Butane also has the same characteristics

Acetylene gas:
• Highest flame temperature
• Chemically unstable gas
• Temperature varies in one part of the flame to another",
Dental Materials,Metallurgy,125,The term ordered hardening heat treatment used in which of the following dental alloys?,Gold-Copper,Nickel-Chromium,Nickel-Titanium,Silver-Palladium,A,"'A' [Phillips' 11th ed 575/ 12th ed 374]
Hardening heat treatment can be done in gold alloys if they contain sufficient amount of copper.",
Dental Materials,Metallurgy,126,The best fuel gas when used with oxygen is,Hydrogen,Natural gas,Propane,Acetylene,C,'C' [Phillips' 11th ed 613/ 12th ed 391],
Dental Materials,Metallurgy,127,Linear coefficient of thermal expansion of metal used for metal ceramic restoration range from,11.5-12.5x10-6/°C,10.5-11.5x10-6/°C,13.5-14.5x10-6/°C,16.5-17.5x10-6/°C,C,"'C' [Phillips' 11th ed 55, 581]
The high noble and noble alloys used for metal ceramic prostheses possess co-efficient of thermal expansion from 13.5-14.8 x10⁻⁶/°C",
Dental Materials,Metallurgy,128,Annealing is also known as:,Soft hardening treatment,Hard hardening treatment,Precipitating heat treatment,Stress relieving heat treatment,A,"'A' [Phillips' 11th ed 576/ 12th ed 404]
Steel is softened by annealing and hardened by cold working.

Annealing is the controlled heating and cooling process designed to produce desired properties in a metal. This process usually is intended to soften metals, to increase their plastic deformation potential, to stabilize shape and to increase machinability and also to relieve stresses. Hot working, Quenching and stress-relief are the other names of annealing.

Note: Annealing in direct filling gold is to eliminate contaminants from the surface.",
Dental Materials,Metallurgy,129,Quartz is added to gypsum bonded investment to,Increase the strength,counter balance contraction of gypsum during heating,aid in hygroscopic expansion,increase the shelf life of investment,B,'B' [Phillips 11th ed 297/ 12th ed 201],
Dental Materials,Metallurgy,130,Chromium is used in stainless steel for which purpose?,Corrosion resistance,Increases the lustre of stainless steel,Stabilization of the alloy,Increases the hardness of steel,A,'A' [Check Explanation of Q. No.40],
Dental Materials,Metallurgy,131,The best bio-compatible dental casting alloy is,Co-Cr,Ni-Cr,Titanium alloy,Gold,C,"'C' [Phillips 12th ed 376]
Titanium and titanium alloys are considered the most biocompatible metals used for dental restorations produced with prostheses.

The CPTi (commercially pure titanium) is the most widely used titanium alloy in dentistry in form of Ti-6Al-4V, which is an alpha – beta alloy. Vanadium has some health concern due to its toxicity. Now vanadium replaced with Nobium alloy and is used in form of Ti-6Al-7Nb.",
Dental Materials,Metallurgy,132,Which of the following characteristics of inlay wax is its major disadvantage?,Flow,Rigidity,High thermal expansion,Low thermal conductivity,C,"'C' [Phillips' 12th ed 197]
Melting range, viscosity, flow, adaptability, carvability and burnout properties are the desirable properties of inlay wax.

High co-efficient of thermal expansion and tendency to warp are the major disadvantages",
Dental Materials,Metallurgy,133,Which among these is not an ideal property of soldering material?,Corrosion resistant,Non-pitting,High fusing,Free flowing,C,"'C' [Check Synopsis]
The fusion temperature of solder should be atleast 56°C lower than the solidus temperature of the substrate (parent) metal.",
Dental Materials,Metallurgy,134,Which of the following is not used as antiflux?,Graphite,Iron oxide,Boric oxide,Calcium carbonate dissolved alcohol,C,"'C' [Phillips' 11th ed 564]
Graphite is used commonly as antiflux. It is used to limit the spreading of solder and is applied on the surface before the flux application to limit the flow of molten metal.",
Dental Materials,Metallurgy,135,Which of the following statements is not true about use of silica in the investment materials?,It acts as refractory,It regulates thermal expansion,Quartz and cristobalite are the allotropic form used in dental investments,Beta allotropic form is stable below transition temperature,D,"'D' [Check Q.No.9 and 64]
Silica exists in four alltropic forms
1) Quartz
2) Tridymite
3) Crystobalite
4) Fused quartz

When these allotropic forms are heated, a change in crystalline form occurs at a transition temperature characteristic of the particular form of Silica. Inversion temperature of Quartz (alpha) to quartz (beta) is 575°C; crystobalite (alpha) to crystobalite (beta) is 200-270°C and tridymite is 117-163°C. Beta allotropic form is stable only above transition temperature. Inversion back to lower alpha form occurs on cooling in each case.",
Dental Materials,Metallurgy,136,Which of the following is a solid solution,Amalgam,Cobalt-chromium,Silver-palladium,Gallium-silver,C,"'C' [Check Q.No.51/ Phillips 1st SA ed 81]
Majority of noble metal casting alloys for dental restorations are based on solid solutions. Important example is the palladium-silver alloy system. When this alloy is solidaified, the silver atoms are distributed randomly in the face centred cubic structure of pure palladium, thereby forming a solid solution. No microstructural features can be mechanically separated into two or more phases, so only one solid phase is present.",
Dental Materials,Metallurgy,137,Laser welding,Involves high heat generation,Can be done with pure Titanium,Is not used in dentistry,Can be done with pure gold,B,"'B' [Phillips 1st SA 418]
Commercially pure titanium cannot be soldered with a traditional torch-soldering procedure because it is a highly reactive metal that forms oxides during soldering procedure and may spontaneously debond from parent metal surface.

Laser welding in an argon gas atmosphere is a method of choice for joining titanium components of dental prostheses, because the coherent, high intensity laser pulse of light can be focused in a small region and melt the substrate without much damage to the surrounding areas. Also the joint will be composed of the same titanium, thereby preserving biocompatibility and avoiding galvanic corrosion.",
Dental Materials,Metallurgy,138,Which is false regarding ethyl silicate bonded investment?,Silica gel which reverts to silica on heating,Magnesium oxide provides strength,It is easy to handle and most commonly used,On mixing ammonium chloride silica liquid converts to gel,C,"'C' [Phillips 1st SA ed 219]
Ethyl silicate bonded investment:
• Use of this investment is declined because of the more complex and time consuming procedure.
• Binder is the silica gel which reverse to silica (crystobalite) on heating.
• Several methods may be used to produce silica or silicic acid gel binders.
• Addition of magnesium oxide strengthens the gel.
• An aqueous suspension of colloidal silica can also be converted to a gel by the addition of an accelerator, such as ammonium chloride.
• Other system for binder formation is based on ethyl silicate.",
Dental Materials,Metallurgy,139,The component responsible for allergy in dental casting alloys is,Cobalt,Nickel,Copper,Titanium,B,"'B' [Phillips 1st SA ed 132]
Nickel is the most allergenic metal known, with an incidence of allergic reactions between 10-20%.",
Dental Materials,Metallurgy,140,Chromium added to steel does not,Increase hardness,Increase tensile strength,Increase corrosion resistance,Decrease elastic limit,D,"'D' [Check Explanation Below]
Effects of adding chromium to steel:
• Increases the hardenability of steel
• Ductility is minimally effected
• Corrosion resistance
• Tensile strength increases by 8-100 N/mm2 for every 1% chrome added.
• Yield strength increases
• Elastic limit and elastic ratio increases with no effect on its toughness.

Carbon added to steel:
• Strength, hardness increases
• Ductility, machinability reduces

Manganese added to steel:
• Increases strength but to a lesser degree than carbon
• Favourably influences the weldability and machinability",
Dental Materials,Metallurgy,141,The casting shrinkage in gold alloys is maximum in,Class II MOD inlays,Large class V restoration,Class II MO Restoration,Class 1 inlay,B,"'B' [Dental materials and their selection by Joseph O Brien 3rd ed 240]
In direct method wax shrinks by about 0.4% when cooled from oral temperature. In indirect method, wax shrinks about 2%.

Casting shrinkage takes place as the solidified metal cools to room temperature. The highest shrinkage of about 2% occurs for large class 5 restoration.

Shrinkage (Wax+alloy) should be compensated by investment expansion. The more the shrinkage the more is the requirement of expansion of investment.

| Restoration | Expansion (%) |
|---|---|
| Class -1 and Class -2 | 1.83 |
| Large HOB Three quarters Crown | 1.90 |
| Full Crown Small Class 5 | 2.10 |
| Large Class 5 | 2.40 |",
Dental Materials,Metallurgy,142,According to OSHA maximum permissible amount of Ni in dental clinic environment is?,1 mg,2 mg,3 mg,4 mg,A,"'A' [Eighth Annual report on carcinogens 148]
OSHA means occupational safety and health administration. OSHA adopted permissible exposure Limit (PEL) of 1 mg/m³ as an 8 hour time-weighted average for nickel metal and 0.007 mg/m3 for nickel carbonyl.",
Dental Materials,Metallurgy,143,Main drawback of Be in Ni-Cr alloys,Health hazard,Increase flow of alloy,Reduce fusion temp,Refine grain bending,A,"'A' [Philip's 11 th Ed 596]
During melting of Ni-Cr alloys, Beryllium vapours may be released and which are health hazardous to the technicians/dentists. Adequate ventilation or fume hoods must be used in the melting area.",
Dental Materials,Metallurgy,144,Low fusing metal alloys was introduced by,Claude Mouton,Jean Darcet,Pierre Fauchard,Nicholas Chamant,B,"'B' [Restorative Dental Materials by Craig (year 1985) Pg 8]
Low-fusing metal alloy was introduced by Jean Darcet in 1770.",
Dental Materials,Metallurgy,145,Cutting edges of the orthodontic instruments are made up of,Austentite carbon steel,Martensitic carbon steel,Ferritic carbon steel,Cementite carbon steel,B,"'B' [Philip's 12th ed 406]
Martensitic steel has high yield strength and hardness. Martensitic stainless steels are used for surgical and cutting instruments. The austenitic stainless steels are the most corrosion-resistant and are used for orthodontic wires, endodontic instruments, and crowns in pediatric dentistry.",
Dental Materials,Metallurgy,146,ADA specification of orthodontic wire,29,25,32,30,C,'C' [Rama Krishna Alla 1st ed 7],
Dental Materials,Direct Filling Gold,1,The cohesive gold used as bulk filler is:,Electra alloy,Mat gold,Spherical gold,Gold foil,B,"'B' [Phillips' 11th ed 550/ 12th ed / 12th ed 413]
Mat gold is used to build the internal bulk of restoration because it can be more easily compacted within the cavity. Because it is loosely packed, it is friable and contains numerous void spaces between particles.",
Dental Materials,Direct Filling Gold,2,The carat for Au foil used for restorations is:,18,20,22,24,D,"'D' [Phillips' 11th ed 546/ 12th ed / 12th ed 413]
The direct filling gold is 99.99% pure which is similar to 24 carat gold. Carat refers to the parts of pure gold in 24 parts of an alloy. 24-karat gold is pure gold, whereas 22-karat gold is an alloy containing 22 parts pure gold and 2 parts of other metals.",
Dental Materials,Direct Filling Gold,3,Electralloy is an alloy of:,Gold and Platinum,Cobalt and Chromium,Gold and Calcium,Tin and Chromium,C,"'C' [Phillips' 11th ed 550]
The electrolytic precipitate of gold is alloyed with 0.1% calcium. Calcium increases the strength by dispersion strengthening (AP-2013).",
Dental Materials,Direct Filling Gold,4,Pitting of direct filling gold restoration usually results from:,Using contaminated gold foil,Poor finished preparation,Improper stepping of condenser point,Using small condenser point,C,"'C' [Phillips' 11th ed 554/ 12th ed 414]
Stepping is the process in which each increment of gold is ""stepped"" by placing the ""condenser"" point in successive adjacent positions, as the force is applied. Stepping permits each piece to be compacted over its entire surface so that voids are not bridged.

Usually small condenser tips are used, as the force of distribution is large without causing much damage to oral structures.",
Dental Materials,Direct Filling Gold,5,Average particle size of powdered gold is:,10 um,15 um,30 um,0.1 mm,B,"'B' [Phillips' 11th ed 551/ 12th ed 413]
Powdered gold is the atomized or chemically precipitated gold. The powders are first mixed with wax to form pellets and are then wrapped with gold foil. So it is also called as encapsulated gold powder. The average particle size is 15 micrometers.",
Dental Materials,Direct Filling Gold,6,The malleting force is directed:,Perpendicular to the walls,Parallel to long axis of crown,45°to the wall,None of the above,C,"'C' [Phillips' 11th ed 554/ 12th ed 414]
To ensure dense masses in corners and at the junction between two walls, the line of force must be directed to bisect line angles and trisect point angles.",
Dental Materials,Direct Filling Gold,7,Cohesion of gold foil is an example of:,Atomic attraction and welding,Annealing,Wedging,Adaptation,A,"'A' [Phillips' 11th ed 547/ 12th ed 414]
Cohesion of gold foil results from metallic bonding and cold welding of increments. Cold welding refers to welding of increments together under pressure at mouth temperature rather than by melting.",
Dental Materials,Direct Filling Gold,8,Which of the following is true about direct filling gold:,Properly condensed mat gold has no voids,"Whatever may be the type, voids are inherent",Voids can be avoided with manual condensation,None of the above,B,'B' [Phillips' 11th ed 557/ 12th ed 415],
Dental Materials,Direct Filling Gold,9,The material used in its pure form in dentistry is:,Composite,Silver,Gold,Amalgam,C,'C' [Phillips' 11th ed 547/ 12th ed 413],
Dental Materials,Direct Filling Gold,10,Powdered gold is:,Made by a combination of chemical precipitation and atomization,Made by electrolytic precipitation,Made by beating pure gold at high temperatures,Made by milling pure gold ingots,A,"'A' [Phillips' 11th ed 551/ 12th ed 413]
According to new edition chemically precipitated or powdered gold is now called as ""Granulated gold"" or encapsulated gold powder.",
Dental Materials,Direct Filling Gold,11,In type II gold alloys ________ Karat gold is used:,24 K,22 K,18 K,10 K,C,"'C' [Phillips' 11th ed 575/ 12th ed 368]
24 karat gold contains 100% of pure gold. Type II gold alloys contain 75% of gold. So Type II gold alloys contains 18k gold.",
Dental Materials,Direct Filling Gold,12,"When Gold fused with porcelain is fired at very high temperature, greenish discoloration of cervical margin is due to",High firing temperature,Disintegration of opaque layer,Presence of copper,Formation of excess oxides,C,"'C' [Phillips' 11th ed 588/ 12th ed 75]
Silver and copper may cause greenish discoloration at the cervical margins if they are present in the metal ceramic alloys.",
Dental Materials,Direct Filling Gold,13,The more appropriate term for annealing of direct filling of gold is,Bridging,Cold welding,Stepping,Desorbing,D,"'D' [Phillips 12th ed 414]
A more appropriate term would be desorption than annealing, because the objective is to remove the gases adsorbed on to surface of gold.",
Dental Materials,Direct Filling Gold,14,Direct filling gold formed by electrolytic precipitation is called by all the terms EXCEPT,Crystalline,Granular gold,Mat gold,Sponge gold,B,"'B' [Phillips 11th ed 548]
Refer Direct Filling Gold: point No.3 in synopsis.",
Dental Materials,Direct Filling Gold,15,The pure form of gold used in dentistry is known as,Cohesive gold,Non cohesive gold,Class I casting gold,Class IV casting gold,A,"'A' [Phillips' 11th ed 547/ 12th ed 414]
Non-cohesive gold should be disorbed or annealed to remove the surface contaminants before using it as restorative material.",
