"Subject","Chapter","Question No","Question","Option A","Option B","Option C","Option D","Correct Answer","Explanation"
"Endodontics","RECENT PAPERS 2021-22 ENDODONTICS","1","A patient was experiencing pain on ice-cream exposure. Radiograph is shown below. What should be the treatment plan?","Pulpotomy","Indirect pulp capping","Pulpectomy","partial pulpotomy","B","Diagnosis of the condition is acute reversible pulpitis due to caries. Pain occurs with extreme temperature changes (e.g., ice cream and cold drink from the fridge); pain is sharp but of short duration. The following are the options for management of acute reversible pulpitis:
• Indirect pulp capping
• Direct pulp capping
• Partial pulpotomy
• Pulpotomy.

In the present question, the complete clinical findings like results of cold test are not given. The IOPA shows caries near to pulp. PL is normal. After caries excavation, a treatment decision can be taken. Indirect pulp capping can be preferred in this situation."
"Endodontics","RECENT PAPERS 2021-22 ENDODONTICS","2","Which generation Ni-Ti instruments is shown","3rd","4th","5th","6th","C","The image shown is the cross-sectional image of Protaper Next files. We can see the off-centred rectangular cross-section. It belongs to 5th generation files which are asymmetric files. The fifth-generation root canal instruments claim to have better flexibility and superior debris elimination due to their offset design.

Fifth generation files:
I. Revo S:
It has snake like movement inside the canal. It has asymmetrical cross-section which provide more flexibility and less stress on the instrument. It works on a cyclic way concept (3C) - Cutting, clearance, and cleaning at rotation speed ranging between 250-400 rpm.

Features:
• Swaggering effect: its innovative offset rectangular cross-section gives snake like movement as it moves through the canal. This helps in better removal of debris and canal tracking.
• M wire technology
• Shortens the shaping time
• decreases the dangerous taper lock and screw effect by minimizing the contact between a file and dentin
• It was introduced in 2013. Current research suggests that mechanical properties of these instruments, manufactured from M-Wire, are better than ProTaper Universal.

III. One shape
OneShape (OS) file is a few single file instruments used in continuous clockwise rotational motion for quick and safe root canal preparation. The OS file has an asymmetric cross-sectional geometry that generates traveling waves of motion along the active part of the file.

NOTE:
For generations of rotary instruments read Q26 recent papers 2018-19 endodontics answers."
"Endodontics","RECENT PAPERS 2021-22 ENDODONTICS","3","Irrigant that is least associated with allergic reactions in endodontics","CHX","Na-hypochlorite","Iodine Potassium iodide","Hydrogen peroxide","D","NAOCL:
• Hypersensitivity and contact dermatitis may occur in rare situations.
• When hypersensitivity to NaOCl is suspected or confirmed, chlorhexidine should not be used either because of its chlorine content. For individuals who genetically have more possibilities than the normal population to generate allergies to multiple elements (allergies to food or to latex), a skin test for both NaOCl and CHX may be indicated.

CHX:
Allergic responses to CHX are rare, and there are no reports of reactions following root canal irrigation with CHX. However, some allergic reactions such as anaphylaxis, contact dermatitis, and urticaria have been reported following direct contact to mucosal tissue or open wounds.

IKI:
Although iodine is not generally considered an allergen, some patients are hypersensitive to this compound and may be considered to have an iodine “allergy.”

Hydrogen peroxide:
No hypersensitivity or allergy documented."
"Endodontics","RECENT PAPERS 2021-22 ENDODONTICS","4","During lateral condensation technique, spreader should be turned to __ degree before removal?","180","270","360","90","A","A spreader is pre-fitted in the canal allowing its insertion to within 1.0-2.0 mm from the working length. Auxiliary cones are also selected to closely match the size of the spreader. After introducing a small amount of sealer in the prepared root canal, the master cone Is slowly inserted to the working length. The spreader is then introduced between the master cone and the dentin walls to make room for the first auxiliary cone. The spreader is slowly removed laterally (and somewhat vertically) compacted, rotating the instrument in 180-degree motions. During this movement the gutta-percha is compacted against a canal wall while, at the same time, space is created laterally to the master cone for the auxiliary cones. The spreader is then removed by rotating it back and forth as it is withdrawn from the canal and an auxiliary cone is inserted in the empty space."
"Endodontics","RECENT PAPERS 2021-22 ENDODONTICS","5","A three-year male patient got trauma. Which of the following indicates the exact condition?","Complicated crown & root fracture","Intrusive luxation","Subluxation","Lateral luxation","D","Clinical findings: The tooth is displaced, usually in a Palatal/lingual or labial direction. The tooth will be tender to percussion. An occlusal interference may be present.

Radiographic recommendations and findings:
• At least two radiographs (size 0 sensor/film, paralleling technique; size 2 sensor/film) should be used for diagnostic purposes and to establish a baseline. An increased periodontal ligament space is usually seen on an occlusal radiograph (when the tooth is displaced labially)."
"Endodontics","RECENT PAPERS 2021-22 ENDODONTICS","6","Patient was experiencing pain on eating ice cream in a tooth with old amalgam restoration. On radiograph a radio opacity in roots of 36 can be noted. What will be the diagnosis of the condition?","Persistent infection","Low grade infection","P A radiolucency","Condensing osteitis","D","It can be concluded from the question’s language and image that - a long-standing history of chronic reversible pulpitis that subsequently became acute irreversible pulpitis two days prior to the patient presenting for treatment. The pulpitis developed as a result of the breakdown of the old amalgam restoration. Note there is also evidence of slight apical inflammatory reaction at the distal root. The distal root is more radiopaque than the surrounding bone due to increased bone deposition.

Thus, diagnosis will be Condensing osteitis associated with the distal root of a mandibular first molar."
"Endodontics","RECENT PAPERS 2021-22 ENDODONTICS","7","Which endodontic condition does not require antibiotic administration?","Apical abscess with sinus tract","Symptomatic apical abscess in an immuno-compromised individual","Symptomatic acute apical abscess in systemic disease","","A","Conditions not requiring adjunctive antibiotics:
• Pain without signs and symptoms of infection
• Symptomatic irreversible pulpitis
• Symptomatic apical periodontitis
• Teeth with necrotic pulps and a radiolucency, with a sinus tract (chronic apical abscess)"
"Endodontics","RECENT PAPERS 2021-22 ENDODONTICS","8","Peeso reamer of the below number is best to prepare the post space in mesial root of mandibular 1st molar","3","2","5","4","B","Peeso reamers were used to prepare post spaces in 250 extracted maxillary and mandibular molars by using different instruments. The root and the instrument were radiographed. It was determined that posts should be at least 4 mm from the root apex and 7 mm in the root canal. The authors determined that the distal roots of mandibular first molars and the buccal roots of maxillary first molars should not be used for posts due to the high risk of perforation on the furcal side of the root. Perforations are more likely when Peeso reamers are used."
"Endodontics","RECENT PAPERS 2021-22 ENDODONTICS","9","Perforation chances is highest in which surface during preparation of post space in mesial root of mandibular 1st molars?","Buccal","Lingual","Mesial","Distal","D","The most significant risk for perforation occurred in distal surface, the root on the furcation side of the root."
"Endodontics","RECENT PAPERS 2021-22 ENDODONTICS","10","Patient is in pain for 4 days with swelling. On examination tooth number 36 is with broken restoration & radiograph shows no previous history of RCT & periapical radiolucency present. What will be your diagnosis?","Chronic Periapical abscess","Chronic Periapical Periodontitis","Secondary Acute Periapical abscess","Primary Acute Periapical abscess","C","The patient is having pain and swelling. X-ray is showing a chronic lesion. So, it is chronic lesion with acute exacerbation, which is known as secondary acute apical abscess. In primary acute apical abscess there will not be any radiolucency as the bone has not yet been resorbed to the extent where it is visible radiographically. Chronic apical abscess is identified by presence of swelling and sinus tract."
"Endodontics","RECENT PAPERS 2021-22 ENDODONTICS","11","To treat hot tooth, which of the following is not indicated?","Steroids","Intraligamentary anaesthetic injection","Intraosseous anaesthetic injection","NSAIDS","A","Obtaining anesthesia is often difficult in patients with endodontic pain. One of the explanations has been that conventional anesthetic techniques do not provide profound pulpal anesthesia, and patients with preexisting hyperalgesia may be unable to tolerate any noxious input. Another explanation relates to the theory that inflamed tissue has a lower pH, which reduces the amount of the base form of anesthetic that penetrates the nerve membrane. Another explanation for failure is that nerves arising from inflamed tissue have altered resting potentials and decreased excitability thresholds. Another factor might be the Nav-R sodium channels, which are resistant to the action of local anesthetics, are increased in inflamed dental pulp, and are sensitized by prostaglandins. Finally, patients in pain are often apprehensive, which lowers the pain threshold.

Therefore, practitioners should use supplemental techniques (e.g., intraosseous or intraligamentary injections if an IAN block fails to provide pulp anesthesia) for patients with irreversible pulpitis. Premedication with NSAIDs can also increase anesthetic efficacy in such conditions."
"Endodontics","RECENT PAPERS 2021-22 ENDODONTICS","12","Analgesics administered commonly in post-obturation pain after Endodontic procedure is","Acetaminophen","Ibuprofen+Acetaminophen","Ibuprofen","Codeine + Acetaminophen","B","NSAIDs and Acetaminophen:
• In patients with known sensitivity to aspirin-like drugs (NSAIDs), acetaminophen should be used for post-treatment pain.
• Acetaminophen should also be considered for those with the following disorders: ulcers, ulcerative colitis; asthma, or hypertension.
• Pretreatment with NSAIDs or acetaminophen has also been shown to be effective for reducing post-operative pain.
• The combination of ibuprofen/acetaminophen has also been advocated for reducing postoperative pain.

Flexible analgesic strategy:
A flexible prescription plan aims to minimize both postoperative pain and side effects."
"Endodontics","RECENT PAPERS 2021-22 ENDODONTICS","13","What is the treatment of the following condition present in the image?","Physiological splint of 4 weeks + RCT of coronal + Apical third is removed","Physiological splint of 4 weeks+ Apexification of coronal segment","Physiological splint of 4 weeks only","None of the above","B","The X-ray shows mid root fracture with line of fracture. Here there will be a coronal and apical segment. The coronal segment should be reduced quickly and a functional (nonrigid) splint is placed for 4 weeks.

In most cases, permanent necrosis occurs in the coronal segment, with only the apical segment remaining vital. Therefore, endodontic treatment is indicated in the coronal root segment unless periapical pathology is seen in the apical segment.

In most cases the pulpal lumen is wide at the apical extent of the coronal segment, and long-term calcium hydroxide treatment or an MTA apical plug is required after a hard tissue barrier has formed apically in the coronal segment and periradicular healing has taken place.

Situation in which both apical segment and coronal segment become necrosed:
When both the coronal and apical pulp are necrotic, treatment is more complicated. Medicaments, and filling materials all have a detrimental effect on healing of the fracture site.
• In more apical root fractures, necrotic apical segments can be surgically removed.
• Retrograde MTA apical plug is indicated in the coronal segment.
• Endo implant can also be considered if the length is less.

Sequence of treatment:
- Splint - Initiate RCT - Surgical removal of apical segment - retrograde MTA (or)
- Splint - RCT - Obturation- Endo Implant"
"Endodontics","RECENT PAPERS 2021-22 ENDODONTICS","14","Which of the following is least important for the success of an uncomplicated crown fracture fragment?","Hydration of fragment","Cervico incisal level of fracture","Adhesive material used for fracture","Crown & fragment preparation","B","Reattachment of the fractured fragment in simple crown fracture would be a preferred treatment choice when the biological width of the fractured fragment is maintained and available for an attachment.

Reattachment of a fractured fragment can provide adequate adaptation to the remnant tooth structure and acts as an autogenous bonding agent making it an ideal choice of treatment.

The retention period of the reattached fractured fragment is affected by the techniques followed (Option B), materials used for fracture reattachment (Option C), and the fragment’s ability to resist exposure to the oral environment. However, the most important factor is the ability of the fragment to dehydrate (option A), decreasing the bond strength between the fragment and the remaining structure.

Dehydration often changes the surface of the fragment, creating a mismatch with the remnant. Therefore, the fragment should be hydrated by immersing in distilled water for a minimum 30 minutes to Maximum 24 hours before the reattachment procedure."
"Endodontics","RECENT PAPERS 2021-22 ENDODONTICS","15","Most frequent factor for invasive cervical root resorption is","Trauma","Orthodontic Tooth movement","Periodontal process","Bleaching","B","Invasive cervical resorption:
For invasive cervical resorption, the breakdown of the cementoblast layer seems to be associated with a breakdown of the RANK-RANKL-OPG system.

The most frequently identified single factor was orthodontic treatment (45.5%), followed by trauma (14%), whereas a combination of trauma and bleaching (7.7%), whereas bleaching as a sole factor was found in 4.5% of the patients studied."
"Endodontics","RECENT PAPERS 2021-22 ENDODONTICS","16","After reimplantation which of the following type of resorption occurs most commonly?","Internal root resorption","External root resorption","Replacement root resorption","Traumatic resorption","B","After reimplantation, the tooth can undergo internal root resorption, external inflammatory root resorption or replacement root resorption. But the most common is the external inflammatory root resorption.

External Inflammatory Root resorption:
• Infection is the cause for this resorption. Avulsion represents a combined injury to the pulp and PDL, in which microorganisms, primarily located in the pulp spaces and in the dentinal tubules, trigger external inflammatory resorption, root surface and adjacent alveolar bone.
• It can affect all parts of the root and is typically diagnosed 2-4 weeks after injury. The resorption is a rapidly progressing process that may result in total resorption of the root within a few months. It is almost exclusively related to acute trauma and is especially common after intrusion injuries and replantation of avulsed teeth.
• Replantation of avulsed, full root needs to include treatment of the pulp to prevent infection-related resorption.

Note:
• Most common type of resorption in intrusive, extrusive luxation and luxation injuries- External inflammatory resorption
• External replacement resorption is seen commonly with delayed replantation of avulsed teeth."
"Endodontics","RECENT PAPERS 2021-22 ENDODONTICS","17","A patient is having pain for 4 days and swelling; the patient has previous history of RCT & periapical radiolucency present, what will be your diagnosis?","Chronic Peri-apical abcess","Chronic Peri-apical periodontitis","Secondary acute Peri-apical abcess","Primary acute Peri-apical abcess","C","The patient is having pain for 4 days and swelling; the patient has previous history of RCT & periapical radiolucency present. The diagnosis is secondary acute periapical abscess."
"Endodontics","RECENT PAPERS 2021-22 ENDODONTICS","18","A boxer had a history of dental trauma & is now having limited alveolar movement. What phobia is he suffering from?","dental phobia","sports phobia","movement phobia","Kineso phobia","D","Kinesiophobia: fear of movement (an excessive, irrational, and debilitating fear of physical activity resulting from a feeling of vulnerability to painful injury or re-injury)."
"Endodontics","RECENT PAPERS 2021-22 ENDODONTICS","19","Identify the image with correct options of dental procedure done?","Fiber Post & crown","cast post and core","post and amalgam core","dentin pin and amalgam core","B","The image and X-ray show a custom-made cast post and core cemented in the root canal treated tooth."
"Endodontics","RECENT PAPERS 2021-22 ENDODONTICS","20","Tenderness on percussion in due to","Acute apical periodontitis","Pulpitis","periapical abscess","chronic apical periodontitis","A","The percussion test is a simple means of assessing whether there is inflammation or other changes occurring in the periradicular tissues.
• Normal — the same feeling as that patient’s other teeth, and with no tenderness or pain; this typically indicates clinically normal periradicular tissues.
• Tender — a painful response when percussing the tooth; this typically indicates acute apical periodontitis or acute apical abscess.
• Different sensation — the patient reports that the tooth feels “different” on percussion compared to how the adjacent teeth felt—it is not painful or tender; this typically indicates chronic apical periodontitis or a chronic apical abscess.
• Ankylosis sound — there is no pain but percussion produces a dull sound that is different from that produced when percussing the adjacent teeth. This indicates the tooth has ankylosis."
"Endodontics","RECENT PAPERS 2021-22 ENDODONTICS","21","According to IADT, fixation protocol for subluxation","Semi Rigid for 2 weeks","Semi Rigid for & 4 weeks along with alveolar #","Semi Rigid for 4 weeks if alveolar # is there","Semi Rigid # for & 2 weeks if alveolar # is there","A","Check explanation of ques No. 1 in recent papers 2017-18 endodontics"
"Endodontics","RECENT PAPERS 2021-22 ENDODONTICS","22","Root fracture with fine line on radiograph and rounded edges. Infer the healing type.","Healing with Bone and connective tissue formation","Healing with connective tissue formation.","Healing with cementum and bone formation","Healing with connective tissue formation and inflammatory process","B","<table><thead><tr><th>Healing type</th><th>Radiographic feature</th></tr></thead><tbody><tr><td>Healing with calcified tissue</td><td>The fracture line is visible, but the fragments are in close contact.</td></tr><tr><td>Healing with interproximal connective tissue</td><td>The fragments appear separated by a narrow radiolucent line, and the fractured edges appear rounded</td></tr><tr><td>Healing with interproximal bone and connective tissue</td><td>The fragments are separated by a distinct bony ridge.</td></tr><tr><td>Interproximal inflammatory tissue without healing</td><td>A widening of the fracture line and/or a developing radiolucency corresponding to the fracture line becomes apparent</td></tr></tbody></table>"
"Endodontics","RECENT PAPERS 2021-22 ENDODONTICS","23","Why MTA is considered advantageous as a root end filling material.","Biocompatible","Setting time 2 to 3 hours","Can set in moisture also","As a filling material","A","MTA is both biocompatible and can set in moisture also. But the main advantage of its being used as a root end filling material is In vitro sealing ability and biocompatibility."
"Endodontics","RECENT PAPERS 2021-22 ENDODONTICS","24","An open-ended needle should be kept at a distance of ____ mm to prevent extrusion?","2mm short of apical foramen","1mm short of apical foramen","3mm short of apical foramen","4mm short of apical foramen","C","Current Irrigation Recommendations:
• In conventional positive pressure needle a small size needle, such as a 30 gauge needle, with a side-vented or closed-end design, and with the needle placed in a non-binding manner 1 to 3 mm from the working length.
• If open-ended needles are used, the safe distance from the apical foramen/working length is approximately 3 mm. Negative pressure irrigation offers excellent safety and good cleaning in apical canals. Use of various means of physical energy to facilitate irrigation is recommended) It should be emphasized that without proper apical instrumentation of sufficient size effective irrigation of the apical root canal is not possible."
"Endodontics","RECENT PAPERS 2021-22 ENDODONTICS","25","All of the following prevent sodium hypochlorite accident except?","Establish an accurate working length","If irrigating using positive pressure, employ a small side vented needle placed no closer than 2 mm from the working length.","place the needle tip as close to apex as possible","Carefully assess the canal integrity for signs of perforation or other large portals of fluid egress","C","Prevention involves attention to detail and an appreciation for fluid dynamics. In summary, the clinician should do the following:
• Establish an accurate working length and avoid over instrumentation/enlargement of the radicular foramen.
• If irrigating using positive pressure, employ a small side vented needle placed no closer than 2 mm from the working length. Express the fluid slowly and observe that it is venting through the access cavity.
• Carefully assess the canal integrity for signs of perforation or other large portals of fluid egress.
• Avoid wedging the needle tip in the canal space or inserting it beyond the working length.
• Confirm the identity of the solution prior to injection or irrigation"
"Endodontics","RECENT PAPERS 2021-22 ENDODONTICS","26","For regeneration, MTA plug is placed ideally","2-3mm from radiographic root apex","at radiographic root apex","4 – 6mm below CEJ","At the apex from coronal junction.","C","In revascularization procedure a 3-4 mm of MTA/ Biodentin “coronal plug” is created above the blood clot. These materials have been shown to promote the differentiation of MSC into an odontoblast-like phenotype while allowing for greater proliferation of MSC. But their established role is creating a calcified biological coronal seal. But these materials should be of approximately 3 mm below CEJ to prevent discoloration.

Note:
In MTA apexification, MTA is placed in the apical third of root."
"Endodontics","RECENT PAPERS 2021-22 ENDODONTICS","27","Which of the following irrigants help in differentiating between irreversible & reversible pulpitis and decides which tooth will go for pulpotomy or RCT?","MTAD","Chlorhexidine","Hypochlorite","Hydrogen peroxide","C","The irrigant which decides which tooth will go for pulpotomy or RCT is 5% sodium hypochlorite. After pulp is exposed in pulp capping/ partial pulpotomy/ pulpotomy, the bleeding from that exposure should be stopped after application of cotton pellet with hypochlorite in 5-10 min. The bleach causes chemical amputation of the blood coagulum, removes damaged pulp cells, dentin chips, and other debris, and provides hemorrhage control with minimal damage to the “normal” pulp tissue underneath. If the bleeding does not control in 10 min, then it is irreversible inflammation of pulp which requires deep excavation, and the clinical diagnosis of pulp will change accordingly."
"Endodontics","RECENT PAPERS 2021-22 ENDODONTICS","28","Instruments used to prepare ovoid canal","Reamer","S file","K file","H file","D","H-files files are very efficient for translational strokes because of a positive rake angle and a blade with a cutting rather than a scraping angle. H- files up to size #25 can be efficiently used to relocate canal orifices and, with adequate filing strokes, to remove overhangs. Similarly, wide oval canals can be instrumented with Hedstrom files as well as with rotary instruments.

Note:
• Stainless steel Hedstrom files, used according to the circumferential filing technique, are best suited for cleaning oval canals and canal extensions.
• NiTi instruments are best suited as respect the original canal curvature better than stainless steel instruments, especially in severely curved canals.
• Stainless steel pilot instruments are best suited for bypassing ledges."
"Endodontics","RECENT PAPERS 2021-22 ENDODONTICS","29","Coronal flaring is done as 1st step in root canal for all of the following purposes except","it helps in determination of canal width, ledge, curvature and apex","Allow flow of irrigant into canal","Remove reparative dentin","Decreases the radius of curvature","D","Coronal flaring should always be done as the first step of canal preparation.

Coronal flaring has the following objectives:
• Facilitates insertion of instrument without coronal interferences.
• Improves straight-line access to the middle and apical parts of the root canal.
• Removes reparative dentin at the root canal orifice
• Reduces angle of curvature and increases the radius of the root canal curvature.
• Allows early application of sufficient amounts of irrigant into the canal."
"Endodontics","RECENT PAPERS 2021-22 ENDODONTICS","30","During cavity preparation on a carious tooth, if accidental exposure of pulp occurs resulting in acute pain, what will be the treatment?","Sedative with eugenol and then look for bleeding","Extraction","Stainless steel crown","Apply bonding agent","A","Restorative Diagnosis: Pulpal Exposures and Hemorrhage:
It has been reported that the size of the exposure, the appearance of the pulp, and the color and amount of hemorrhage are important factors in diagnosing the extent of inflammation in a pulp exposed by caries. In accidental pulpal exposures, the bleeding point should be identified. If the patient has pain, anesthesia should be given. Eugenol has an obtundant effect on exposed pulp, so it can be used if it is available. But recognition of the bleeding site is important, and the bleeding should be controlled. The bleeding from that exposure should be stopped after application of cotton pellet with hypochlorite in 5-10 min. If the bleeding does not control in 10 min, then it is due to irreversible inflammation of pulp which requires deep excavation."
"Endodontics","RECENT PAPERS 2021-22 ENDODONTICS","31","A 9-year-old child with history of trauma reported to your clinic. Radiograph of avulsed tooth replanted with 1 year back is given below. Which of the following is correct?","A. Hypercementosis; i. good prognosis","A. Hypercementosis; ii. Bad prognosis","B. pulp canal obliteration; i. good prognosis","B. pulp canal obliteration; ii. Bad prognosis","C","Replanted teeth should be monitored clinically and radiographically at 2 weeks (when the splint is removed), 4 weeks, 3 months, 6 months, one year, and yearly thereafter for at least five years. Clinical and radiographic examination will provide information to determine the outcome. Two types of resorptions may occur concurrently- inflammatory and replacement resorption. Both of them indicate poor outcome.

Pulp canal obliteration might occur in few open apex cases. Pulp canal obliteration is common after luxation injuries. It can usually be diagnosed within the first year after injury and was found to be more frequent in teeth with open apices (>0.7 mm radiographically), in teeth with extrusive and lateral luxation injuries, and in teeth that have been rigidly splinted.

Favorable outcomes

a) Closed apex:
Asymptomatic, functional, normal mobility, no sensitivity to percussion, and normal percussion sound. No radiolucencies and no radiographic evidence of root resorption. The lamina dura appears normal.

b) Open apex:
Asymptomatic, functional, normal mobility, no sensitivity to percussion, and normal percussion sound. Radiographic evidence of continued root formation and tooth eruption. Pulp canal obliteration is expected and can be recognized radiographically sometime during the first year after the trauma. It is considered to be the mechanism by which the “pulp” heals after replantation of avulsed immature permanent teeth."
"Endodontics","RECENT PAPERS 2021-22 ENDODONTICS","32","Tooth 21 had luxation injury. What is the diagnosis and treatment for 21?","A. external resorption; ii. calcium hydroxide filling","A & i","B & i","B & ii","A","The above radiograph shows external inflammatory resorption after luxation injury. This is due to pulp necrosis and subsequent pulpal infection. The treatment is RCT followed by long-term dressing with densely packed calcium hydroxide."
"Endodontics","RECENT PAPERS 2021-22 ENDODONTICS","33","Post endodontic pain is best managed by","Tramadol","Morphine","Acetaminophen","Codeine","C","Management of Endodontic Flare-Ups:
• Anxiety reduction
• Behavioral intervention
• Occlusal reduction
• Pharmacologic measures
• Antibiotics
• NSAIDs and acetaminophen
• Long-acting local anesthesia

Nonsteroidal anti-inflammatory drugs (NSAIDs) have been shown to be effective for managing pulpal and periapical pain. However, due to the renal effects of NSAIDs as well as interactions with many anti-hypertensive drugs, acetaminophen should be considered for post-treatment pain in patients with known sensitivity to NSAIDs or aspirin. Acetaminophen should also be considered for those with the following disorders: ulcers, ulcerative colitis, asthma, or hypertension."
"Endodontics","RECENT PAPERS 2021-22 ENDODONTICS","34","For root resection in endo microsurgery, which magnification is needed?","Very low (1x-4x)","Low (3x-8x)","Medium (8x-14x)","High (14x-26x)","C","<table><thead><tr><th>Magnification</th><th>Procedures</th></tr></thead><tbody><tr><td>Low (4 to 8X)</td><td>Orientation, inspection of the surgical site, osteotomy, alignment of surgical tips, root-end preparation, and suturing.</td></tr><tr><td>Midrange (8 to 14X)</td><td>Most surgical procedures including hemostasis. Removal of granulation tissue, detection of root tips, root resection, root-end preparation, root-end filling</td></tr><tr><td>High (14 to 26X)</td><td>Inspection of resected root surface and root-end filling, observation of fine anatomical details, documentation</td></tr></tbody></table>"
"Endodontics","RECENT PAPERS 2021-22 ENDODONTICS","35","Identify the device shown below","Diagnodent","Electric pulp tester","Apex locator","CAT scan","B","The image shows the application of electric pulp tester on the tooth. The probe tip will be coated with a conductive medium such as toothpaste and placed in contact with the tooth surface. The patient will activate the unit by placing a finger on the metal shaft of the probe. The electric current is delivered to the tooth. The test is first conducted on a adjacent or contra lateral control tooth and later on the test tooth."
"Endodontics","RECENT PAPERS 2021-22 ENDODONTICS","36","A patient reported to your clinic with history of trauma 6 months back, radiograph is given below. What should be the line of treatment?","Wait and watch","Pulpotomy","Pulpectomy and place calcium hydroxide","restoration of the tooth","C","Check Explanation of Q 32"
"Endodontics","RECENT PAPERS 2021-22 ENDODONTICS","37","Identify the following image along with its use","A. Pit & fissure sealant; 1) To prevent caries","B. Resorbable filling material; 3) Pulpectomy of primary teeth","B. Resorbable filling material; 1) To prevent caries","A. Pit & fissure sealant; 3) Pulpectomy of primary teeth","B","The image shows metapex syringe. Metapex contains Iodoform and calcium hydroxide. It is a type of root canal paste for primary teeth.

An ideal root filling material for primary teeth should be antiseptic, resorb concomitant with the physiologic root resorbing process, harmless to the adjacent tooth germ, radiopaque, easily inserted, easily removed when required, biocompatible, not a cause of gross overextension or under filling, and should not induce pathologic root resorption or furcation/apical radiolucencies. The root canal filling materials that have been considered resorbable and suitable for primary teeth pulpectomies include Ca(OH)2, non-reinforced ZOE, iodoform paste, and combinations of iodoform with other materials."
"Endodontics","RECENT PAPERS 2021-22 ENDODONTICS","38","Chlorhexidine should be placed in root canal to prevent inflammatory root resorption for","7 days","4 weeks","12 days","8 weeks","B","Chlorhexidine as an Intracanal Medication:
• In vitro studies, when CHX was used as intracanal medicament, has good antimicrobial efficacy and it was shown to be very effective in eliminating a biofilm of E. faecalis. When in vivo studies are analyzed, some controversial results were found.
• CHX inhibits experimentally induced inflammatory external root resorption when applied for 4 weeks. In infected root canals, it was shown to reduce bacteria as effectively as Ca(OH)2, when applied for 1 week. Because of its substantivity, CHX has the potential to prevent bacterial colonization of root canal walls for prolonged periods of time. It was demonstrated that its effect depended on the concentration of CHX but not on its mode of application, which may be as a liquid or gel.

CHX + Calcium hydroxide:
To enhance the properties of both CHX and Ca(OH)2, their combination was analyzed in several in vitro and in vivo studies. The usefulness of mixing Ca(OH)2 with CHX remains controversial. Many studies reported that this combination is not effective."
"Endodontics","RECENT PAPERS 2021-22 ENDODONTICS","39","Duration of pulpal anesthesia decline in maxillary incisors after","15-20 min","30 -45 min","40 -60 min","> 60 min","B","The duration of pulpal anesthesia is a problem with maxillary infiltrations. Pulpal anesthesia of the anterior teeth declines after about 30 minutes, with most losing anesthesia by 60 minutes. In premolars and first molars, pulpal anesthesia is good until about 40-45 minutes and then it starts to decline.

The duration of action for pulpal anesthesia in the mandible is very good. If patients are anesthetized initially, anesthesia usually persists for approximately 2.5 hours. The time course for complete pulpal anesthesia for any asymptomatic first molar, as defined by the percentage of patients who did not respond to a stimulus (EPT) across time for 60 minutes. Most patients achieved pulpal anesthesia within 15 minutes and had a duration of anesthesia of at least 60 min, but the success rate was not 100% for the population."
"Endodontics","RECENT PAPERS 2021-22 ENDODONTICS","40","Which of the following will not cause external inflammatory root resorption?","infection from canal","pressure from adjacent tooth","vital pulp","orthodontic treatment","C","Etiology and Pathogenesis of External Inflammatory Resorption (EIR):
• A specific set of conditions is required for the initiation and progression of EIR. Under normal conditions, permanent teeth are resistant to resorption. Odontoclasts do not adhere to the nonmineralized layers covering the external root surface and the root canal wall (i.e., the precementum and predentin, respectively). For EIR to occur, the precementum should be damaged during traumatic dental injuries (e.g., intrusion, lateral luxation, and avulsion), pressure on the root surface during orthodontic treatment and from impacted teeth, cysts, and tumors may also denude the protective precementum from the root surface and therefore initiate external root resorption.
• Microbes and/or their toxins located in the root canal and the dentinal tubules, diffuse through the tubules and directly stimulate the resorbing osteoclasts. The resorption process intensifies and accelerates. The resorbed mineralized tissue is replaced by granulation tissue, which ultimately invades the pulp space if the process continues."
"Endodontics","RECENT PAPERS 2021-22 ENDODONTICS","41","Best obturating technique in case of internal resorption","Carrier based GP","Thermoplastic GP","Vertical condensation","Warm lateral condensation","B","To obturate a resorptive defect, the root-filling material must be able to flow. Gutta-percha is widely regarded as the gold standard filling material in endodontics. It can plasticize when pressure is applied, and it becomes flowable with the application of heat. Thermoplastic gutta-percha technique (obtura II, microseal) produces significantly better fills than other obturation methods."
"Endodontics","RECENT PAPERS 2021-22 ENDODONTICS","42","All of the following will negatively influence the outcome of lateral luxation except","Rigid splinting","increased force during splinting","Delayed treatment","Antibiotic therapy","D","In lateral luxation reposition the tooth digitally by disengaging it from its locked position and gently reposition it into its original location under local anesthesia. Stabilize the tooth for 4 weeks using a passive and flexible splint.

Stabilization/Splinting: Type and Duration
• Current evidence supports short-term, passive, and flexible splints for splinting of luxated, avulsed, and root-fractured teeth. In the case of alveolar bone fractures, splinting of the teeth may be used for bone segment immobilization.
• Splinting is considered best practice in order to maintain the repositioned tooth in its correct position and to favor initial healing while providing comfort and controlled function.
• Use of antibiotics: There is limited evidence for the use of systemic antibiotics in the emergency management of luxation injuries and no evidence that antibiotics improve the outcomes for root-fractured teeth. Antibiotic use remains at the discretion of the clinician as infections are often accompanied by soft tissue and other associated injuries, which may require other surgical intervention. In addition, the patient’s medical status may warrant antibiotic coverage.

Note: Replantation of avulsed tooth requires antibiotic coverage."
"Endodontics","RECENT PAPERS 2021-22 ENDODONTICS","43","Regenerative endodontic procedures are all except?","Pulp reimplantation","Apexogenesis","Revascularization of immature apex tooth","Postnatal stem cell therapy","B","Regenerative endodontic procedures (REPs) have been defined as biologically based procedures designed to replace damaged structures such as dentin, root structures, and cells of the pulp-dentin complex. This new treatment modality has emerged as an alternative that, in addition to healing apical periodontitis, aims to promote normal pulpal physiologic functions.
• These include continued root development, immune competency, and normal nociception, as seen in some published cases. Thus, the ultimate goal of these procedures is to regenerate the components and normal function of the pulp-dentin complex.
• Revascularization of immature apex, Pulp reimplantation and Postnatal stem cell therapy are some of the REP’s."
"Endodontics","RECENT PAPERS 2021-22 ENDODONTICS","44","In bone defect after periapical surgery, how much time it will take for bone deposition?","8 weeks","12 weeks","16 weeks","14 weeks","C","About 3 to 4 weeks after surgery, an excisional osseous wound is 75% to 80% filled with trabeculae surrounded by intensely active osteoid and osteoblastic cells. A reforming periosteum can be seen on the outer surface of the wound. It is highly cellular and has more fibrous connective tissue oriented parallel to the plane of the former cortical plate. At 8 weeks after surgery, the trabeculae are larger and denser and the osteoblasts less active; these cells occupy about 80% of the original wound. Also, fewer osteoid cells are associated with the maturing trabeculae. The overlying periosteum has reformed and is in contact with the newly developed bone. The osseous defect typically is filled with bone tissue by 16 weeks after surgery, but the cortical plate has not yet totally."
"Endodontics","RECENT PAPERS 2021-22 ENDODONTICS","45","Weine classification type 2 stands for","one orifice, 1 canal, 1 apical foramen","one orifice, 2 canals, 1 apical foramen","two orifice, 1 canal, 2 apical foramen","two orifice, 2 canal, 1 apical foramen","D","Check explanation of q 20 in recent papers 2020-21 endodontics"
"Endodontics","RECENT PAPERS 2021-22 ENDODONTICS","46","Which law of isometry is demonstrated in image given by Kushner and Rankow?","law of symmetry","law of colour change of orifice","law of centrality","law related to external contour of orifice","A","Check explanation of Q 11 in recent papers 2020-21 endodontics

Law of symmetry: Except for the maxillary molars, canal orifices are equidistant from a line drawn in mesiodistal direction through the floor of pulp chamber."
"Endodontics","RECENT PAPERS 2021-22 ENDODONTICS","47","A patient detected with round radiolucency in root canal region with Ellis class 2 dental root fractures. The diagnosis is","Internal resorption","Developmental anomaly","Horizontal root fracture","Vertical root fracture","A","In internal resorption there is expansion of canal, often symmetrical with sharp, well-defined margins. Radiolucency has uniform density with smooth outline and is symmetrically distributed over the root of the affected tooth. The outline of the root canal wall should not be traceable through the resorption defect because the root canal wall balloons out."
"Endodontics","RECENT PAPERS 2021-22 ENDODONTICS","48","Gutta percha can be dissolved in all except:","Xylene","Xylol","Halothane","Chloroform","B","One of the methods for removing gutta-percha from the orifice and middle root canal is to use a solvent, which softens the gutta-percha and permits its removal through sequential instrumentation.
• Chloroform was the most popular solvent because of its efficiency. However, the use of chloroform is no longer recommended because of its reported toxicity and potential carcinogenicity.
• Some of the popular commercially available solvents used are Endosolv E and Endosolv R.
• The Endosolv E is used for dissolving obturation materials based on zinc oxide and eugenol while Endosolv R is recommended for resin-based pastes and sealers.
• Other gutta-percha solvents that are also available include xylene, eucalyptol, and halothane."
"Endodontics","RECENT PAPERS 2021-22 ENDODONTICS","49","Which of the following property of NaOCl is least desirable for pulpotomy procedure?","Blood clot dissolution","Removal of predentin layer","Chemical amputation of pulp","Antimicrobial property","B","Sodium hypochlorite (NaOCl) has been successfully used for many years in endodontic therapy as an irrigant for permanent teeth. At low concentrations it has been found to be biocompatible, non-irritating, and hemostatic to exposed pulpal tissue. It can eliminate bacteria, superficial inflamed tissue, and dentine debris from exposure sites, while leaving the deeper healthy pulp tissue unharmed.

The technique of NaOCl pulpotomy includes removal of the coronal pulp, achieving hemostasis, placing a cotton pellet saturated with 3% NaOCl for 30 seconds, rinsing with sterile saline and filling the pulp chamber with ZOE. The success rate for this treatment is similar to that of formocresol.

The third study concluded that the use of sodium hypochlorite, as an antimicrobial agent, prior to application of the pulpotomy dressing, improved the success rate of calcium hydroxide pulpotomies, to equal the success of MTA pulpotomies for observation periods of up to 12 months.

So, options ‘A’, ‘C’, and ‘D’ are the desired properties of NaOCl to be used as pulpotomy agent. Option B will lead to internal resorption. So, it is not the desirable property."
"Endodontics","RECENT PAPERS 2021-22 ENDODONTICS","50","Identify the following given image:","Radix entomolaris","Radix paramolaris","Supernumerary root","Concrescence","A","The radix Entomolaris (RE) is a supernumerary root located distolingually in mandibular molars whereas the radix Paramolaris (RP) is an extra root located mesiobuccally."
"Endodontics","RECENT PAPERS 2021-22 ENDODONTICS","51","On a radiograph, it was seen that GP was tightly compacted on the coronal third but loosely spaced on apical region. The reason is?","Excess cement","Inadequate length of the spreader inserted short of apex","Less filling of accessory canals","Improper pressure while lateral compaction","B","The lateral condensation technique has several drawbacks:
• Being a “cold” technique, the gutta-percha cones don’t form a homogeneous, compact mass.
• Filling of lateral portals of exit occurs less frequently than when vertical compaction is performed and is always constituted of sealer, not gutta-percha.
• The spreader should be placed within 1 mm to 2 mm of the working length. If not carefully done, it may exert excessive lateral forces, increasing the risk of root fracture. Also, if spreader not inserted of adequate length, it results in voids and less density of GP.
• When considering that heat is not used, the most apical portion of the master cone does not undergo significant modification. The seal in this area is, therefore, mainly entrusted to the sealer."
"Endodontics","RECENT PAPERS 2021-22 ENDODONTICS","52","Distance of the open irrigation needle from the apical end of the root canal should be:","1 mm","2 mm","3 mm","4 mm","C","If open-ended needles are used, the safe distance from the apical foramen/working length is approximately 3 mm."
"Endodontics","RECENT PAPERS 2021-22 ENDODONTICS","53","A 42-year-old male complains of swelling in the upper lip. He informs he had history of trauma 12 years ago. He was given endodontic treatment at that time. He now reports with sinus draining pus. What is the diagnosis now?","Internal replacement resorption","Internal resorption with iatrogenic apical perforation","Internal resorption with root fracture","External resorption","C","The radiograph shows internal root resorption in the root fracture area (direct image from Cohen).

Treatment:
• A, Coronal portion was repositioned and then splinted to the lateral incisor with a composite splint.
• B, At 6-month recall, the pulp responded normally to cold, but an internal root-resorptive defect was noted on radiograph. No treatment was indicated because the pulp did respond normally to vitality tests.
• C, At 42-month recall, the tooth was still asymptomatic, and the pulp still responded to vitality tests. The resorptive defect had healed, and signs of dystrophic calcifications were evident in the apical and coronal segments."
"Endodontics","RECENT PAPERS 2021-22 ENDODONTICS","54","In absence of HBSS solution, which of the following given medium is best for the storage of the avulsed tooth for short period of time:","Saline","Milk","Saliva","Water","B","Suggested storage media, in order of preference, are milk, saliva (either in the vestibule of the mouth or in a container into which the patient expectorates), physiologic saline, and water (least desirable)."
"Endodontics","RECENT PAPERS 2021-22 ENDODONTICS","55","A 13-year-old boy had an injury by a cricket ball-3 months ago. He has mobility and dull pain in anterior tooth region. Following IOPA is given. What is the most ideal treatment?","RCT with splint","Wait and watch","Regeneration & Revascularization","Splint, Immediate RCT & Retrograde MTA filling after surgical removal of apical segment","D","The clinical situation here is the root fracture not splinted for 3 months, resulted in gap between the segments and both the apical and coronal segments became necrotic. The chance for revascularization is lost.

Sequence of treatment in this situation:
- Splint - Initiate RCT - Surgical removal of apical segment - retrograde MTA (or)
- Splint - RCT - Obturation- Endo Implant"
"Endodontics","RECENT PAPERS 2021-22 ENDODONTICS","56","Patient is suffering from pain at night since a month. One portion of gingiva is completely recessed in between two teeth. Last night she had severe cold sensitivity which persisted for one hour. What will be the diagnosis?","Reversible pulpitis","Irreversible pulpitis","Acute periapical abscess","Pulp necrosis","B","The clinical scenario is a case of irreversible pulpitis.

Characteristics of irreversible pulpitis:
• Symptomatic irreversible pulpitis exhibits pain usually caused by a hot or cold stimulus, or pain that occurs spontaneously. The pain persists for several minutes to hours, lingering after removal of the thermal stimulus.
• Spontaneous pain may come and go without an apparent cause. It may be intermittent or continuous.
• The patient may describe the pain as sharp, piercing, or shooting, and it is generally severe.
• The patient may also complain of postural pain, i.e., change of position (bending over or lying down) exacerbates the pain. This is due to the increase in intrapulpal pressure when the patient changes position from a standing posture to a supine (lying down) posture.
• The patient may also have pain referred to adjacent teeth, to the temple or sinuses when an upper posterior tooth is involved, or to the ear when a lower posterior tooth is affected.
• In later stages, the pain is more severe and is generally described as boring, gnawing, or throbbing, or as if the tooth was under constant pressure.
• Patients are often kept awake at night by the pain (nocturnal pain), which continues to be intolerable despite all their efforts at analgesia. Pain is increased by heat and is sometimes relieved by cold, although continued cold may intensify the pain."
"Endodontics","RECENT PAPERS 2021-22 ENDODONTICS","57","Which of the following techniques will lead to least dentinal crack while biomechanical preparation:","Step back","Crown down with hand Stainless steel Files","Crown down with rotary NiTi files","Crown down with Hand K files","B","Microcracks Caused by root canal instrumentation: (various studies):
• According to Dilek et al, all instruments, including hand instruments, cause dentinal defects. When rotary files are used, the latter are magnified in comparison to hand files.
• Hand K and H stainless steel files produced less number of defects than rotary NiTi file.
• Root canal preparation using nickel-titanium rotary and reciprocating files often results in microcracks in the remaining radicular dentin.
• Rotary files induce strain on the dentin, as measured in the surface layers of the root dentin, which likely exceeds the elasticity of the dentin, causing subsequent microcracks.
• Additional stress, by either root obturation with lateral compaction or by retreatment that was applied to roots that were previously instrumented with rotary files, caused some of the microcracks to propagate and become through-and-through fractures that were indistinguishable from VRF."
"Endodontics","RECENT PAPERS 2021-22 ENDODONTICS","58","Successful endodontic treatment for a periapical lesion result in: A. Cementum deposition B. Dentin deposition in tubule C. Alveolar bone formation D. Periodontal fibre regeneration","ABC","ABC D","ABC","AC","D","Cementogenesis and dentinogenesis occurs after successful treatment or retreatment. Dentin deposition occurs in the dentinal tubules."
"Endodontics","RECENT PAPERS 2021-22 ENDODONTICS","59","A 12-year-old child after etching develops sudden sharp pain. Which of the following is the probable cause? A. Ulcer due to acid B. Hidden caries in the same tooth C. Caries in the adjacent teeth D. Cervical eburnation of the tooth","AB","ABCD","ABC","AC","C","Caries and caries in adjacent tooth usually lead to sharp and shooting pain after etching."
"Endodontics","RECENT PAPERS 2021-22 ENDODONTICS","60","Uncomplicated crown-root fracture will consist of:","Enamel","Dentin","Cementum","Pulp","C","Uncomplicated crown-root fracture is defined as fracture which involves enamel, dentin and root cementum without the involvement of pulp. If pulp is involved, it is known as complicated crown-root fracture. It is usually oblique in nature involving both crown and root."
"Endodontics","RECENT PAPERS 2021-22 ENDODONTICS","61","If canal preparation is done near apical region with an inflexible instrument, which of the following defects will be seen on the optical outer curvature:","Ledge","Zipping","Perforation","Elbow","B","When a file is rotated in a curved canal at the apical area, a biomechanical defect results in the form of an elbow. Less flexible instruments may overcut the outer surface of the curved canal and may produce an elliptic preparation in the apical third that is difficult to obturate. This elliptic preparation is cone shaped, with the apex or elbow toward the middle third of the canal and the base or “zip” toward the cementum surface."
"Endodontics","RECENT PAPERS 2021-22 ENDODONTICS","62","The most important principle for access cavity preparation is:","Straight line access to the canal","Removal of all caries","Removal of all pulp horns","Preservation of the tooth structure","A","The objectives of the coronal access preparation are to
• Provide a straight line access to the root canals
• Confirm the etiology of pulp pathosis
• Assess restorability of the tooth
A straight access is necessary to allow unhindered access of instruments, irrigants, and medicaments to the entire length and circumference of the canal, with minimal loss of dental structural integrity."
"Endodontics","RECENT PAPERS 2021-22 ENDODONTICS","63","For regeneration of pulp tissue which is used?","IPC","revascularization","Apexification","full pulpotomy","B","Check Explanation of Ques No 24, 25"
"Endodontics","RECENT PAPERS 2021-22 ENDODONTICS","64","EPT will detect which of the following:","Pulp is hyperplastic or hyperemic","Acute pulpitis or chronic pulpitis","Vital and non-vital teeth","Partial necrosis","C","EPT is one of the tests used to determine pulp vitality. The electric pulp tester when testing for pulp vitality, the objective is to stimulate a sensory nerve response by subjecting the tooth to an increasing degree of electric current. A positive response is an indication of vitality and helps in determining the normality or abnormality of that pulp. No response to the electrical stimulus can be an indication of pulp necrosis."
"Endodontics","RECENT PAPERS 2021-22 ENDODONTICS","65","In endodontic microsurgical procedures, what magnification is used?","2.5X to 8X","8X to 14X","14X to 30X","10X to 20X","B","Check Explanation of Ques No. 34"
"Endodontics","RECENT PAPERS 2021-22 ENDODONTICS","66","Mummy dust contains?","Dentinal debris","Pulp remnants","Red blood clot related option","Dried granulation tissue","D","Mummy dust is dried granulation tissue of pulp."
"Endodontics","RECENT PAPERS 2021-22 ENDODONTICS","67","Endo NiTi files works on which property","R phase","M phase","Electrosurface","Work memory/shape memory / pseudoelasticity","D","Check explanation of Q 67 in biomechanics section under Endodontics"
"Endodontics","RECENT PAPERS 2021-22 ENDODONTICS","68","Stiffness index 1 is seen with which of the following?","18 x 18 M NiTi / Stainless steel 16","Co-Cr","1 x 25 TMA","Stainless steel 18/10","A","<table><thead><tr><th></th><th>Stiffness index</th></tr><tbody><tr><td>18 x 18 M-NiTi</td><td>1</td></tr><tr><td>17 x 25 M-NiTi</td><td>2</td></tr><tr><td>21 x 25 M-NiTi</td><td>3</td></tr><tr><td>17 x 25 beta-Ti</td><td>4</td></tr><tr><td>19 x 25 beta-Ti</td><td>5</td></tr><tr><td>19 x 25 steel</td><td>6</td></tr><tr><td>16 mil Stainless steel</td><td>1</td></tr></tbody></table>

See Table shows wires of equivalent stiffness with 16 mil stainless steel as the index value, i.e, 16 steel 1.

A Sequence of Increasingly Stiff Wires in Torsion

So, look for the options in Exam -16 mil Stainless steel and 18x18 M- NiTI both have stiffness index of 1."
