"subject","chapter","mcq_number","question","option_a","option_b","option_c","option_d","correct_option","explanation","image_or_table"
"endodontics","12. RECENT PAPERS 2019-20 ENDODONTICS","1","Gingival sulcus bleeding is seen in which type of trauma?","Class I Ellis","Class II Ellis","Concussion","Subluxation","D","'D' [Endodontics - E-Book: Principles and Practice by Mahmoud Torabinejad 5th ed 111]

Subluxation is an injury to the tooth-supporting structures resulting in increased mobility, but without displacement of the tooth. Signs of bleeding from the gingival crevice can be seen and confirms the diagnosis of subluxation.",""
"endodontics","12. RECENT PAPERS 2019-20 ENDODONTICS","2","Sudden pain, and swelling in maxillary anterior non vital teeth with radiographic lesion is seen in","Periapical granuloma","Condensing osteitis","Symptomatic apical abscess","Asymptomatic apical abscess","C","'C' [Cohen 11th ed 31]

These signs and symptoms represent acute or symptomatic apical abscess.

<b>Symptomatic apical abscess:</b>
• This condition is defined as an inflammatory reaction to pulpal infection and necrosis characterized by rapid onset, spontaneous pain, and tenderness of the tooth to pressure, pus formation, and swelling of associated tissues.
• A tooth with an acute apical abscess will be acutely painful to biting pressure, percussion, and palpation.
• This tooth will not respond to any pulp vitality tests and will exhibit varying degrees of mobility. The radiograph or image can exhibit anything from a widened periodontal ligament space to an apical radiolucency.
• Swelling will be present intraorally and the facial tissues adjacent to the tooth will almost always present with some degree of swelling. The patient will frequently be febrile, and the cervical and submandibular lymph nodes may exhibit tenderness to palpation.",""
"endodontics","12. RECENT PAPERS 2019-20 ENDODONTICS","3","Tender on percussion positive is seen in","Asymptomatic irreversible pulpitis","Symptomatic irreversible pulpitis","Symptomatic apical periodontitis","Asymptomatic apical periodontitis","C","'C' [Ingle 5th ed 179]

• Sensitivity to percussion is the principal clinical feature of symptomatic apical periodontitis and symptomatic apical abscess.
• Asymptomatic apical periodontitis mostly presents without any subjective signs and symptoms.",""
"endodontics","12. RECENT PAPERS 2019-20 ENDODONTICS","4","Best cold test for pulp vitality","Dry ice (CO₂)","1,1,1,2-tetrafluoroethane","Ethyl chloride","Frozen syringe ice stick","A","'A' [Ingle 5th ed 212]

<b>Carbon dioxide snow (dry ice)</b>
• It is a gas, but in its solid state, it is often called ‘dry ice’, and it is commonly used as a versatile cooling agent.
• The low temperature and direct sublimation to a gas at atmospheric pressure make it an effective coolant, because it is colder than ice and leaves no moisture as it changes state.
• The temperature of dry ice has been reported to be −78 °C.
• The sensory response to the application of dry ice is rapid, usually being <2 secs.
• Clinically, testing with CO2 snow is accurate, reliable, consistent, fast, and uncomplicated.
• A complete dentition can be tested in 1–2 min.
• It is preferred for pulp testing because it does not affect the adjacent teeth and because it gives an intense, reproducible response.
• It is also effective for testing teeth with full coverage crowns.
• But it requires special apparatus to make the dry ice stick.

<b>Refrigerant spray</b>
• Due to its ease of storage, relatively cheap cost, and simple application technique, refrigerant spray is widely used in clinical settings.
• Examples:
- Dichlorodifluoromethane (DDM) (commercial name – endo ice)
- 1,1,1,2-tetrafluoroethane (commercial name – Green endo ice), and
- Ethyl chloride
• More effective agents such as Dichlorodifluoromethane have superseded traditional refrigerants such as ethyl chloride. But DDM, being a chlorofluorocarbon, has decreased in popularity and market availability due to environmental concerns of atmospheric ozone layer depletion.
• 1,1,1,2-tetrafluoroethane (TFE) is a refrigerant without ozone-depletion potential and has replaced DDM.
• They rank just behind CO2 dry ice for overall efficacy and accuracy.

<b>Ice stick (Option D)</b>
It’s an ineffective for cold test. The clinical handling, infection control issues, and the direct application of ice can be difficult and problematic.

<b>Note:</b>
Refrigerant spray is the most widely used cold test as they are most convenient and easiest to use.",""
"endodontics","12. RECENT PAPERS 2019-20 ENDODONTICS","5","During access cavity preparation all about Gates Glidden drills are true except","These are end-cutting instrument","Cuts dentin while retrieval","Used in straight canals","No. 1 to 6 with 0.5 - 1.5 mm","A","'A' [Cohen 11th ed 225]

• Because of their design and physical properties, GG drills are side-cutting instruments.
• They can be used to cut dentin as they are withdrawn from the canal (i.e., on the outstroke).
• Used this way, their cutting action can deliberately be directed away from external root concavities in single-rooted and furcated teeth.
• GG drills should be used only in the straight portions of a canal.
• GG drills are sized from 1 to 6 (with corresponding diameters of 0.5 to 1.5 mm); the number of rings or color-coding on the shank identifies the specific drill size.",""
"endodontics","12. RECENT PAPERS 2019-20 ENDODONTICS","6","Which is not a retrograde filling material?","Diaket","MTA","Super EBA","Endomethasone","D","'D' [Cohen 11th ed 419]

Retrograde filling materials can be classified as:
• Metals (these are no more used)
• Non-metals

<b>Non-metals include</b>
• Zinc oxide–eugenol cements (IRM and SuperEBA),
• Glass Ionomer Cement,
• Diaket
• Composite resins (Retroplast),
• Resin–glass ionomer hybrids (Geristore), and
• Mineral Trioxide Aggregate (ProRoot-MTA), and
• Bioceramics.",""
"endodontics","12. RECENT PAPERS 2019-20 ENDODONTICS","7","Action of Carbamide peroxide in bleaching is?","Hydrolysis of peptide bond","Releases H₂O₂","Release of hypochlorite","Release of nascent oxygen","B","'B' [Grossman 12th ed 349]

Carbamide peroxide degrades into 3% hydrogen peroxide (active ingredient) and 7% urea. H₂O₂ diffuses enamel and dentin and release nascent oxygen that breaks down the double bond of organic and inorganic compounds.",""
"endodontics","12. RECENT PAPERS 2019-20 ENDODONTICS","8","Which is not a supplement technique of local anesthesia for doing RCT?","Intraligamental","Intra osseous","Inferior alveolar","Intra pulpal","C","'C' [Cohen 11th ed 109]

IAN block is a standard anaesthesia technique. When the bur is in enamel, the patient feels nothing. Once the bur enters dentin (or possibly not until the pulp is exposed), the patient feels sharp pain. Obviously, pulpal anesthesia is not profound, and supplemental anesthetic is required.

<b>Supplemental Techniques:</b>
• Infiltrations
• Intraosseous Anesthesia
• Intraligamentary Anesthesia
• Intrapulpal Injection",""
"endodontics","12. RECENT PAPERS 2019-20 ENDODONTICS","9","Barbed broach is inserted in root canal to remove","Loosen debris in necrotic canals","Collagen material deposition at apex","Increased Vascularity at apex","None","A","'A' [Ingle 5th ed 486]

<b>Uses of barbed broach:</b>
• Primarily for vital pulp extirpation.
• To loosen debris in necrotic canals or
• To remove paper points or cotton pellets.

It must only be used in the straight part of the canal, and insertion of the broach should not exceed 2/3 of the canal length. With proper technique, the pulp will be removed almost entirely as it becomes entangled in the barbs of the broach.",""
"endodontics","12. RECENT PAPERS 2019-20 ENDODONTICS","10","Which is true about gutta percha points?","Colour coded","Bonds to dentin","It contains 40-50% guttapercha","Can be heat sterilized","A","'A' [Cohen 11th ed 109]

Guttapercha is only 20% in GP points. It cannot be heat sterilized. They are sterilized by immersing in 5.2% sodium hypochlorite for 1 min. GP does not bond to dentin, so root canal sealers are necessary to seal the space between the dentinal wall and GP.",""
"endodontics","12. RECENT PAPERS 2019-20 ENDODONTICS","11","IOPA of Arch bar on maxillary teeth was given, patient have history of fall resulting in lateral luxation of 11, 21 and subluxation of 12, 22. According to 2012 International Association of Dental Traumatology (IADT) guidelines, which of the following is correct?","Use of arch bar is contraindicated","Extraction of 11 and 21","Rigid fixation of 11, 21 & flexible splinting in 12, 22","Use of Arch bar is correct","A","'A' [Check AIPG 2017 section for IADT Guidelines for splints]

IADT recommends flexible splint for all luxation injuries.

Arch bar:
• A metal bar is bent into the shape of the arch and fixed with ligature wires.
• Disadvantages of this technique are that this type of splint is rigid and arch bars may loosen and cause irritation.
• There may also be physical damage from the ligature wires to the gingival tissues and the integrity of the cemento-enamel junction.
• Arch bar splint is contraindicated for luxation injuries.

<table border=""1"" cellpadding=""6"" cellspacing=""0"" style=""border-collapse:collapse;width:100%;font-size:13px"">
<tr style=""background:#e75480;color:#fff;font-weight:bold""><td colspan=""2"" style=""text-align:center"">IADT recommends flexible splint for all luxation injuries.</td></tr>
<tr style=""background:#e75480;color:#fff;font-weight:bold""><td>Injury</td><td>IADT recommendation</td></tr>
<tr><td>Concussion and subluxation</td><td>The IADT guidelines recommend a flexible splint for 2 weeks for subluxation injuries. However, splinting is generally not required for concussion or subluxation injuries.</td></tr>
<tr><td>Lateral luxation</td><td>The IADT guidelines recommend a flexible splint for 4 weeks for lateral luxation injuries.</td></tr>
</table>","Requires image: IOPA/clinical situation showing arch bar and luxated maxillary teeth 11, 21, 12 and 22."
"endodontics","12. RECENT PAPERS 2019-20 ENDODONTICS","12","A 12 yr male reported after trauma with labial luxation of maxillary central incisor. Treatment plan is","Wait and watch","Repositioning of teeth and RCT","Impectomy","Splinting alone","B","'B' [Ingle 5th ed 823]

• Lateral luxation implies displacement labially, lingually, distally, or incisally.
• Extrusive and lateral luxation and intrusion nearly always result in pulp death.
• Initial, urgent care for lateral luxation cases includes repositioning the tooth and stabilization if the tooth is mobile after being repositioned.
• The splinting, if needed, should be non-rigid and may need to be in place for 4 weeks.
• Definitive treatment for laterally luxated teeth includes root canal therapy, except in developing teeth, which may revascularize.
• The present case the age is 12 years so repositioning and RCT is the treatment.",""
"endodontics","12. RECENT PAPERS 2019-20 ENDODONTICS","13","Endodontic infection from which tooth can commonly give rise to palatal abscess","Nonvital lateral incisor","Nonvital central incisor","Vital lateral incisor","Non vital second premolar","A","'A' [Shafer 7th ed 504]

• Spread of infection occurs from non-vital teeth to form labial, palatal abscess, or vestibular abscess.
• Palatal abscess arises from the apex of a severely inclined lateral incisor or the palatal root of a maxillary first molar or premolar.
• The infection spreads from the apices of these teeth, perforating the palatal alveolar bone, and pus accumulates below the palatal mucoperiosteum.
• Since the tissue is tightly bound down in this area, infection at this site is often very painful.
• It is important to be aware that the lateral incisor is the commonest source of palatal abscess.",""
"endodontics","12. RECENT PAPERS 2019-20 ENDODONTICS","14","Rubber dam was given by:","Black","Buonocore","Barnu","Wilson and Kent","C","'C' [Sturdevant 6th ed 189]

In 1864, SC Barnum, a New York City dentist, introduced the rubber dam into dentistry. Use of rubber dam ensures appropriate dryness of teeth and improves the quality of clinical restorative dentistry.",""
"endodontics","12. RECENT PAPERS 2019-20 ENDODONTICS","15","After trauma immediate vitality test is done to check:","For baseline comparison","Pulpal necrosis","Internal hemorrhage","All of the above","A","'A' [McDonald 9th ed 405]

A vitality test of the injured tooth should be performed, and the teeth in the immediate area, as well as those in the opposing arch, should be tested. The best prediction of continued vitality of the pulp of a damaged or traumatized tooth is the vital response to electric pulp testing at the time of the initial examination. A negative response, however, is not reliable evidence of pulp death because some teeth that give such a response soon after the injury may recover vitality after a time.

When the electric pulp tester is used, the dentist should first determine the normal reading by testing an uninjured tooth on the opposite side of the mouth and recording the lowest number at which the tooth responds. If the injured tooth requires more current than does a normal tooth, the pulp may be undergoing degenerative change.",""
"endodontics","12. RECENT PAPERS 2019-20 ENDODONTICS","16","Dull throbbing pain of pulpal origin is carried out by:","Myelinated C fibers","Unmyelinated C fibers","Unmyelinated A fibers","Myelinated A fibers","B","'B' [Check AIPG 2018]",""
"endodontics","12. RECENT PAPERS 2019-20 ENDODONTICS","17","MTA in apexification forms a part of:","Root end filling","Intracanal medicament","Sealer","Post endodontic restoration","A","'A' [Cohen 10th ed 382]

• MTA is clearly the material of choice. MTA produces an artificial barrier against which an obturating material may be condensed.
• After placement of the MTA barrier, a radiographic is made to confirm that the canal space close to the apex is adequately filled. A wet cotton pellet is placed above the MTA to ensure setting and a well sealing temporary restoration is placed.
• The patient is recalled when the MTA has set at least 24 hours for obturation and placement of the permanent restoration.
• If calcium hydroxide were placed, it would allow the tissue to form a biologic barrier. While calcium hydroxide has been widely used, it has serious disadvantages. It has been shown to weaken the dentin and must be replaced at monthly intervals and removed some months after placement before final obturation.",""
"endodontics","12. RECENT PAPERS 2019-20 ENDODONTICS","18","Craze line in enamel is seen on transillumination as -","Light will be transmitted through the crown with fine lines in enamel","Dark area beyond crack line due to air pressure voids","Green bank area due to food lodgement","None of the above","A","'A' [Cohen 11th ed 20]

• Craze lines are merely cracks in the enamel that do not extend into the dentin and either occur naturally or develop after trauma. They are more prevalent in adult teeth and usually occur more in the posterior teeth. If light is transilluminated through the crown of such a tooth, these craze lines may show up as fine lines in the enamel with light being able to transmit through them, indicating that the crack is only superficial.
• Directing a high-intensity light directly on the exterior surface of the tooth at the cementum-enamel junction (CEJ) may reveal the extent of the fracture.
• The part of the tooth that is proximal to the light source will absorb this light and glow, whereas the area beyond this fracture will not have light transmitted to it and will show as gray by comparison.",""
"endodontics","12. RECENT PAPERS 2019-20 ENDODONTICS","19","Aestheticizing pulp of first molar with inferior nerve block using lignocaine takes how much time?","3 – 5 minutes","7 – 10 minutes","12 – 15 minutes","30 – 40 seconds","C","'C' [Cohen 11th ed 96]

• After a conventional IAN block injection, the onset of pulpal anesthesia occurs within 10 to 15 minutes in most cases.
• Slow onset can be defined as percentage of subjects who achieved a nonresponsive EPT reading after 15 minutes. In mandibular teeth, slow onset occurs in 12% to 20% of patients.

<b>Anesthetic success:</b>
One way to define anesthetic success for nerve blocks is the percentage of subjects who achieve two consecutive nonresponsive readings on electrical pulp testing within 15 minutes and continuously sustain this lack of responsiveness for 60 minutes. In other words, the objective has to achieve anesthesia within 15 minutes and to have it last 1 hour.",""
"endodontics","12. RECENT PAPERS 2019-20 ENDODONTICS","20","In electric pulp testing, which nerve fibres will get activated","A delta","C fibre","Omega","Beta","A","'A' [Cohen 11th ed 547]

• The electric pulp tester delivers a current sufficient to overcome the resistance of enamel and dentin and stimulate the sensory A delta fibers at the dentin-pulp border zone.
• Smaller C fibers of the pulp do not respond to the conventional pulp tester because significantly more current is needed to stimulate them.
• Bender and associates found that in anterior teeth, the optimal placement site of the electrode is the incisal edge, as the response threshold is lowest at that location and increases as the electrode is moved toward the cervical region of the tooth.",""
"endodontics","12. RECENT PAPERS 2019-20 ENDODONTICS","21","Diagnosis of Cracked tooth syndrome is best done by-","Radiograph","Subjective symptoms and vertical percussion","Palpation and vertical percussion","Pulp testing","B","'B' [Cohen 11th ed 720, 20]

• Because of the multitude of signs and symptoms that fractured roots can present with, it is often difficult to achieve an objective definitive diagnosis.
• As the cracks are difficult to find and their symptoms can be so variable, the name cracked tooth syndrome has been suggested, even though it is not truly a syndrome.
• Cracks in vital teeth often exhibit a sudden and sharp pain, especially during mastication. Cracks in nonvital or obturated teeth tend to have more of a “dull ache” but can still be sensitive to mastication.
• A cracked cusp may be diagnosed, to a large extent, on the basis of the patient history. To locate the affected tooth, a biting test should be performed using a Tooth Slooth.
• The application of forces to a cracked cusp will generate a sharp pain, which may occur upon pressure or release. A cracked tooth or fractured cusp will typically elicit pain only when the percussion or bite test is applied in a certain direction to one cusp or section of the tooth.",""
"endodontics","12. RECENT PAPERS 2019-20 ENDODONTICS","22","Best emergency treatment for symptomatic irreversible pulpitis in posterior mandibular tooth is-","Pulpectomy","MTA","Largest canal pulpectomy","Pulpotomy","D","'D' [Cohen 11th ed 708]

Most endodontists and endodontic textbooks recommend the emergency management of symptomatic irreversible pulpitis to involve the initiation of root canal treatment, with complete pulp removal and total cleaning of the root canal system. Unfortunately, in an emergency situation, the allotted time necessary for this treatment is often an issue. Given the potential time constraints and inevitable differences in skill level between clinicians, it may not be feasible to complete the total canal cleaning at the initial emergency visit. Subsequently, especially with multirooted teeth, a pulpotomy (removal of the coronal pulp or tissue from the widest canal) has been advocated for emergency treatment of irreversible pulpitis. In a clinical study of various emergency procedures, it has been demonstrated that this treatment is highly effective for alleviating acute dental pain due to irreversible pulpitis.

In question they have asked specifically about posterior teeth (multiple canals); In such case emergency treatment will be pulpotomy only. Recent studies suggest pulpotomy results in complete pain removal.",""
"endodontics","12. RECENT PAPERS 2019-20 ENDODONTICS","23","Setting time of biodentin is-","3 – 6 minutes","6 – 9 minutes","9 – 12 minutes","12 – 15 minutes","C","'C' [Ingle 7th ed 786]

• Biodentine is a new tricalcium silicate (Ca₃SiO₅) based inorganic restorative commercial cement and advertised as ‘bioactive dentine’.
• Biodentine has been recently introduced as “the first all-in-one, bioactive and biocompatible material for damaged dentin replacement”. Manufacturers claim that Biodentine has noticeably shorter setting time in contrast to other silicate cements such as Mineral Trioxide Aggregate (MTA) and also has better mechanical and handling properties.
• Biodentine have setting time significantly shorter than MTA.
• In chemical composition, it is different from MTA as it has no gypsum and less water.",""
"endodontics","12. RECENT PAPERS 2019-20 ENDODONTICS","24","When should be the RCT performed for a patient who had tooth avulsion and reimplantation within 20 minutes of avulsion.","After 21 days","After 7 days","After 14 days","After 15 days","B","'B' [Cohen 11th ed 787]

<b>Extraoral Time Less Than 60 Minutes and Closed Apex:</b>
• No chance exists for revascularization of teeth with closed apices; therefore, endodontic treatment should be initiated at the second visit 7 to 10 days later. If therapy is initiated at this optimum time, the pulp should be necrotic (or with minimal) infection.
• Endodontic therapy with an effective interappointment antibacterial agent over a relatively short period (1 to 2 weeks) is sufficient to ensure effective disinfection of the canal.
• Long-term calcium hydroxide treatment should always be considered if the injury occurred more than 2 weeks before initiation of the endodontic treatment or especially if radiographic evidence of a resorption is present.

RCT of mature teeth should be performed as soon as possible after replantation and should not be delayed any more than 14 days - Endodontic and dental trauma- a manual by Paul V Abbott",""
"endodontics","12. RECENT PAPERS 2019-20 ENDODONTICS","25","Direction of vertical root fracture is mostly in","Buccolingual plane","Mesio – distal plane","Horizontal plane","Point of least resistance","A","'A' [Cohen 11th ed 799]

• A vertical root fracture (VRF) is a longitudinally oriented complete or incomplete fracture initiated in the root at any level and is usually directed buccolingually. Vertical root fracture—cracks begin in the root and move up toward chewing surface.
• Split tooth - cracks down through the root, separating a section of tooth. Split tooth occurs mesiodistally. This is often the result of an untreated cracked tooth.",""
"endodontics","12. RECENT PAPERS 2019-20 ENDODONTICS","26","Biorace endo file is -","1st generation","2nd generation","3rd generation","4th generation","B","'B' [Check AIPG 2018-19 questions]

Biorace endo file comes under second generation of rotary files.",""
"endodontics","12. RECENT PAPERS 2019-20 ENDODONTICS","27","Root fracture for middle third of tooth is generally treated by-","Reposition and splint","RCT and internal splint","RCT and internal repair using MTA","Extraction","A","'A' [Ingle 5th ed 818/ Cohen 11th ed 777]

<b>General treatment of root fracture:</b>
• If there is no mobility and the tooth is symptomless, the fracture is likely to be in the apical one-third of the root, and no treatment is necessary.
• If the coronal fragment is mobile, treatment is indicated. The initial treatment consists of repositioning the coronal segment (if it is displaced) and then stabilizing the tooth to allow healing of the periodontal ligament supporting the coronal segment.
• Repositioning can be as simple as pushing the tooth into place with finger pressure, or orthodontic intervention may be required to move the displaced segment.
• Splinting is best accomplished by incorporating a thin orthodontic wire into labially bonded composite resin. The splint should allow for functional movement of the tooth to promote healing, and the length of stabilization time is 4 to 6 weeks.
• Following initial treatment by reduction and stabilization, repair by calcific and/or fibrous deposition is very likely. About 80% of properly treated root fractures heal successfully.

<b>Managing the complication of root fracture if any (option B & C):</b>
• Fractures that do not heal need additional endodontic treatment as permanent pulpal necrosis occurs in 25% of root fractures.
• Initially it is likely that in many cases the pulp in the coronal segment will become necrotic after the injury; however, because of a very large apical opening in the coronal segment, revascularization is possible if the segments are well reapproximated.
• In most cases, permanent necrosis occurs in the coronal segment, with only the apical segment remaining vital. Therefore, endodontic treatment to the coronal root segment is indicated in the coronal root segment unless periapical pathology is seen in the apical segment.
• In most cases the pulpal lumen is wide at the apical extent of the coronal segment, and long-term calcium hydroxide treatment or an MTA apical plug is indicated. The coronal segment is filled after a hard tissue barrier has formed apically in the coronal segment and periradicular healing has taken place.
• The use of an intraradicular splint has been recommended by Weine et al. when both segments are treated endodontically. Following root canal filling, a post space is prepared in the canal to extend from the coronal segment into the apical one, allowing placement of a rigid-type post (cobalt-chromium alloy [vitallium]) to stabilize the two root segments.",""
"endodontics","12. RECENT PAPERS 2019-20 ENDODONTICS","28","Which root conditioning is contraindicated with MTA","EDTA","Citric acid","Tetracycline","Polyacrylic acid","A","'A' [Cohen 11th ed 417]

• Three solutions have been advocated for root surface modification: citric acid, tetracycline, and ethylenediamine tetraacetic acid (EDTA). All three solutions have enhanced fibroblast attachment to the root surface in vitro. However, citric acid is the only solution tested in an endodontic surgical application.
• Based on periodontal research, if a root surface conditioning agent were to be used during periradicular surgery, EDTA might be the most appropriate solution. However, the manufacturer (personal communication, Dr. Torabinejad) has advised against the use of EDTA when mineral trioxide aggregate (MTA) is used as a root-end filling material, because it may interfere with the hard tissue-producing effect of MTA.",""
"endodontics","12. RECENT PAPERS 2019-20 ENDODONTICS","29","Lateral luxation should be treated with what type of splinting?","Rigid","Flexible","Non rigid","No splint required","B","'B' [Cohen 11th ed 777]

Teeth with lateral and extrusive luxation should be repositioned as soon as possible. In lateral luxation, the apex might be perforating the facial bone plate, and the tooth must be slightly and gently pulled down to loosen before it is repositioned in its original position.

Current IADT (The International Association of Dental Traumatology) guidelines call for 2 weeks of physiologic splinting in cases of extrusion luxation and 4 weeks for lateral luxation.",""
"endodontics","12. RECENT PAPERS 2019-20 ENDODONTICS","30","In uncomplicated crown fracture, which all are involved?","Enamel","Dentin","Cementum","Pulp","C","'C' [An overview of classification of dental trauma. IAIM, 2015; 2(9): 157-164/ Classification of Injuries to the hard-dental tissues and pulp by Andreasen (1981)]

<table border=""1"" cellpadding=""6"" cellspacing=""0"" style=""border-collapse:collapse;width:100%;font-size:13px"">
<tr style=""background:#e75480;color:#fff;font-weight:bold""><td>WHO classification (1970)</td><td>Injury</td></tr>
<tr><td>873.60</td><td>Enamel fracture</td></tr>
<tr><td>873.61</td><td>Coronal fracture without pulp exposure</td></tr>
<tr><td>873.62</td><td>Coronal fracture with pulp exposure</td></tr>
<tr><td>873.63</td><td>Root fracture</td></tr>
<tr><td>873.64</td><td>Crown root fracture</td></tr>
<tr><td>873.66</td><td>Tooth luxation</td></tr>
<tr><td>873.67</td><td>Intrusion and extrusion</td></tr>
<tr><td>873.68</td><td>avulsion</td></tr>
<tr><td>873.69</td><td>Other injuries</td></tr>
</table>

• Uncomplicated crown fracture (N 873.61): A fracture contained to the enamel or involving enamel and dentin, but not exposing the pulp.
• Complicated crown fracture (N 873.620): A fracture involving enamel and dentin and exposing the pulp.
• Uncomplicated crown root fracture (N 873.64): A fracture involving enamel, dentin and cementum but not involving the pulp.
• Complicated crown root fracture (N 873.64): A fracture involving enamel, dentin and cementum and exposing pulp.
• Root fracture: A fracture involving dentin, cementum and the pulp.",""
"endodontics","12. RECENT PAPERS 2019-20 ENDODONTICS","31","Vertucci classification 3?","1","2-2","1-2","1-2-1","D","'D' [Cohen 11th ed 137]

<b>Vertucci’s classification:</b>

<table border=""1"" cellpadding=""6"" cellspacing=""0"" style=""border-collapse:collapse;width:100%;font-size:13px"">
<tr style=""background:#e75480;color:#fff;font-weight:bold""><td>Type</td><td>Vertucci's classification</td></tr>
<tr><td>Type I</td><td>A single canal extends from the pulp chamber to the apex (1).</td></tr>
<tr><td>Type II</td><td>Two separate canals leave the pulp chamber and join short of the apex to form one canal (2-1).</td></tr>
<tr><td>Type III</td><td>One canal leaves the pulp chamber and divides into two in the root; the two then merge to form one canal (1-2-1).</td></tr>
<tr><td>Type IV</td><td>Two separate, distinct canals extend from the pulp chamber to the apex (2).</td></tr>
<tr><td>Type V</td><td>One canal leaves the pulp chamber and divides short of the apex into two separate, distinct canals with separate apical foramina (1-2).</td></tr>
<tr><td>Type VI</td><td>Two separate canals leave the pulp chamber, merge in the body of the root, and separate short of the apex to exit as two distinct canals (2-1-2).</td></tr>
<tr><td>Type VII</td><td>One canal leaves the pulp chamber, divides and then rejoins in the body of the root, and finally separates into two distinct canals short of the apex (1-2-1-2).</td></tr>
<tr><td>Type VIII</td><td>Three separate, distinct canals extend from the pulp chamber to the apex (3).</td></tr>
</table>

Note: The only tooth that showed all eight possible configurations was the maxillary second premolar.","Requires image: Vertucci 1984 root-canal configuration diagrams (Types 1–8)."
"endodontics","12. RECENT PAPERS 2019-20 ENDODONTICS","32","Maximum Film thickness of sealer","25","< 50","75","90","B","'B' [Cohen 11th ed 295]

<b>Physical Properties of Tricalcium Silicate Root Canal Sealers</b>

<table border=""1"" cellpadding=""6"" cellspacing=""0"" style=""border-collapse:collapse;width:100%;font-size:13px"">
<tr style=""background:#e75480;color:#fff;font-weight:bold""><td colspan=""6"" style=""text-align:center"">Physical Properties of Tricalcium Silicate Root Canal Sealers</td></tr>
<tr style=""background:#e75480;color:#fff;font-weight:bold""><td>Quality</td><td>ISO 6876-2001 ADA 57 Requirement</td><td>AH Plus</td><td>NITA Fillapex</td><td>Endosequence BC Sealer</td><td>MTA Plus White, Gray</td></tr>
<tr><td>Flow (mm)</td><td>&gt;20</td><td>21, 40</td><td>25, 29</td><td>23</td><td>31</td></tr>
<tr><td>Film thickness (µm)</td><td>&lt;50</td><td>16</td><td>24</td><td>22</td><td>47</td></tr>
<tr><td>Solubility</td><td>&lt;3%</td><td>0.1</td><td>1.1</td><td>2.9</td><td>1.9</td></tr>
<tr><td>Dimensional stability</td><td>-1% to +0.1%</td><td>-0.04</td><td>-0.7</td><td>+0.09</td><td>+0.05</td></tr>
<tr><td>Radiopacity</td><td>&gt;3 mm Al</td><td></td><td></td><td></td><td>4.9, 5.5</td></tr>
<tr><td>Working time (hours)</td><td>No requirement</td><td>4:00, 5:30</td><td>0:45, 0:30</td><td>2:40</td><td>0:20</td></tr>
<tr><td>Setting time (hours)</td><td>No requirement</td><td>11:30, 5:10</td><td>2:30, 2:15</td><td>&gt;24</td><td>10:00</td></tr>
</table>",""
"endodontics","12. RECENT PAPERS 2019-20 ENDODONTICS","33","According to Kims classification, define the root canal morphology shown in the image.","Type 1","Type 2","Type 3","Type 4","B","'B' [Cohen 11th ed 121]

<b>Isthmus classifications by Kim And Colleagues.</b>

<table border=""1"" cellpadding=""6"" cellspacing=""0"" style=""border-collapse:collapse;width:100%;font-size:13px"">
<tr style=""background:#e75480;color:#fff;font-weight:bold""><td>Type</td><td>Description</td></tr>
<tr><td>Type I</td><td>is an incomplete isthmus; it is faint communication between two canals.</td></tr>
<tr><td>Type II</td><td>is characterized by two canals with a definite connection between them (complete isthmus)</td></tr>
<tr><td>Type III</td><td>is a very short, complete isthmus between two canals.</td></tr>
<tr><td>Type IV</td><td>is a complete or incomplete isthmus between three or more canals</td></tr>
<tr><td>Type V</td><td>is marked by two or three canal openings without visible connections.</td></tr>
</table>","Requires image: Root-canal isthmus morphology diagram showing Kim classification Type I–V."
"endodontics","12. RECENT PAPERS 2019-20 ENDODONTICS","34","A child has fallen from stairs; his maxillary central incisor was broken. What is the diagnosis?","Ellis class I","Ellis class II","Ellis class IV","Ellis class III","D","'D' [Check Traumatology section]

• The picture shows exposure of pulp and so it its Ellis class III.
• Class III - Extensive fracture of the crown – involving considerable dentin and exposing the dental pulp.","Requires image: Clinical photograph of fractured maxillary central incisor."
"endodontics","12. RECENT PAPERS 2019-20 ENDODONTICS","35","While doing access cavity preparation, the access cavity should have all orifices positioned entirely on the pulp floor and should not extend into an axial wall; this is done?","To prevent Mouse hole effect","In Calcified canals","In curved canals","In grossly decayed tooth","A","'A' [Cohen 11th ed 157]

• Internally, the access cavity should have all orifices positioned entirely on the pulp floor and should not extend into an axial wall.
• Extension of an orifice into the axial wall creates a “mouse hole” effect which indicates internal under extension and impedes straight-line access.
• In such cases the orifice must be repositioned onto the pulp floor without interference from axial walls.","Requires image: Diagram comparing 'Mouse hole' and orifice lying completely on the pulp floor."
"endodontics","12. RECENT PAPERS 2019-20 ENDODONTICS","36","What is isolite?","LED curing device","Bleaching system","Isolating system","Irrigant solution","C","'C' [Rubber Dam In Endodontics - An Overview Of Recent Advances, International Journal of Clinical Dentistry ISSN: 1939-5833 Volume 6, Number 6]

• The Isolite is a new dental device that simultaneously delivers continuous throat protection, illumination, retraction and isolation.
• It has a unique soft, flexible mouthpiece which isolates maxillary and mandibular quadrants simultaneously, retracts and protects the soft tissues from accidental damage from high speed turbines, delivers shadow-less illumination and continuously aspirates fluids and prevents the aspiration of foreign objects.
• It can be particularly useful in young people with incompletely erupted teeth. Using Isolite, a core build up during endodontic treatment can be done immediately by placing a matrix or core-former, and thus completing the process in one step. This reduces the amount of time and number of steps needed as compared to conventional rubber dam.","Requires image: Photograph/diagram of the Isolite isolation device."
"endodontics","12. RECENT PAPERS 2019-20 ENDODONTICS","37","Apex locator with Zero reading represents -","Minor apical foramen","Major apical foramen","Minor constriction","Within periodontal ligament","B","'B' [Ingle 7th ed, 551]

• All electronic apex locators (EAL) measure major apical foramen accurately. The zero point or “0.0” denotes major foramen (apical foramen) and “0.5” denotes at or near apical constriction.
• It is stated that apex locator can locate major foramen.
• Apical constriction is an ideal spot for working length in endodontic treatment which is 0.5 to 1 mm away from major foramen. So, it is recommended to locate major foramen by EAL and then 1 mm was subtracted in order to determine precise working length.
• Zero reading means that the file tip is in contact with the PDL. This does not mean that the constriction is located; rather it means that the instrument is within the canal and close to the PDL.

<table border=""1"" cellpadding=""6"" cellspacing=""0"" style=""border-collapse:collapse;width:100%;font-size:13px"">
<tr style=""background:#e75480;color:#fff;font-weight:bold""><td>Meter reading</td><td>Interpretation</td><td>Length interpretation</td></tr>
<tr><td>Red Bar</td><td>Apical Foramen</td><td>0.0 mm</td></tr>
<tr><td>Middle of the yellow area</td><td>Region adjacent to the apical foramen</td><td>0.5 mm</td></tr>
<tr><td>Middle of the green area</td><td>Apical constriction</td><td>1.0 mm</td></tr>
<tr><td>Middle of the blue area</td><td>Beginning of the apical region</td><td>≥ 2.0 mm</td></tr>
</table>","Requires image: Electronic apex locator display/diagram and meter-reading interpretation table."
