"Subject","Chapter","Question No","Question","Option A","Option B","Option C","Option D","Correct Answer","Explanation"
"Endodontics","RECENT PAPERS 2021-22 ENDODONTICS","1","A patient was experiencing pain on ice-cream exposure. Radiograph is shown below. What should be the treatment plan?","Pulpotomy","Indirect pulp capping","Pulpectomy","partial pulpotomy","B","Diagnosis is acute reversible pulpitis due to caries. Pain occurs with extreme temperature and is sharp but of short duration. After caries excavation, indirect pulp capping can be preferred."
"Endodontics","RECENT PAPERS 2021-22 ENDODONTICS","2","Which generation Ni-Ti instruments is shown","3rd","4th","5th","6th","C","The image is ProTaper Next. Its off-centred rectangular cross-section belongs to 5th generation files, which are asymmetric and designed for better flexibility and debris elimination."
"Endodontics","RECENT PAPERS 2021-22 ENDODONTICS","3","Irrigant that is least associated with allergic reactions in endodontics","CHX","Na-hypochlorite","Iodine Potassium iodide","Hydrogen peroxide","D","The source states that no hypersensitivity or allergy is documented for hydrogen peroxide; CHX reactions are rare, while NaOCl and iodine can cause hypersensitivity."
"Endodontics","RECENT PAPERS 2021-22 ENDODONTICS","4","During lateral condensation technique, spreader should be turned to __ degree before removal?","180","270","360","90","A","The spreader is rotated in 180-degree motions during lateral condensation and removed by rotating it back and forth."
"Endodontics","RECENT PAPERS 2021-22 ENDODONTICS","5","A three-year male patient got trauma. Which of the following indicates the exact condition?","Complicated crown & root fracture","Intrusive luxation","Subluxation","Lateral luxation","D","The source identifies the trauma shown as lateral luxation of a primary tooth."
"Endodontics","RECENT PAPERS 2021-22 ENDODONTICS","6","Patient was experiencing pain on eating ice cream in a tooth with old amalgam restoration. On radiograph a radio opacity in roots of 36 can be noted. What will be the diagnosis of the condition?","Persistent infection","Low grade infection","P A radiolucency","Condensing osteitis","D","The diagnosis is condensing osteitis associated with the distal root of a mandibular first molar, with increased bone deposition."
"Endodontics","RECENT PAPERS 2021-22 ENDODONTICS","7","Which endodontic condition does not require antibiotic administration?","Apical abscess with sinus tract","Symptomatic apical abscess in an immuno-compromised individual","Symptomatic acute apical abscess in systemic disease","None","A","The source lists chronic apical abscess with a sinus tract among conditions not requiring adjunctive antibiotics."
"Endodontics","RECENT PAPERS 2021-22 ENDODONTICS","8","Peeso reamer of the below number is best to prepare the post space in mesial root of mandibular 1st molar","3","2","5","4","B","The source discusses post-space preparation and the high perforation risk in the mesial root of mandibular first molars."
"Endodontics","RECENT PAPERS 2021-22 ENDODONTICS","9","Perforation chances is highest in which surface during preparation of post space in mesial root of mandibular 1st molars?","Buccal","Lingual","Mesial","Distal","D","Perforation chances are highest on the distal surface of the mesial root because of the furcal concavity."
"Endodontics","RECENT PAPERS 2021-22 ENDODONTICS","10","Patient is in pain for 4 days with swelling. On examination tooth number 36 is with broken restoration & radiograph shows no previous history of RCT & periapical radiolucency present. What will be your diagnosis?","Chronic Periapical abscess","Chronic Periapical Periodontitis","Secondary Acute Periapical abscess","Primary Acute Periapical abscess","C","The source describes a chronic lesion with acute exacerbation, termed a secondary acute apical abscess."
"Endodontics","RECENT PAPERS 2021-22 ENDODONTICS","11","To treat hot tooth, which of the following is not indicated?","Steroids","Intraligamentary anaesthetic injection","Intraosseous anaesthetic injection","NSAIDS","A","The source discusses difficulty obtaining anesthesia in hot teeth and the use of supplemental anesthetic techniques and NSAIDs."
"Endodontics","RECENT PAPERS 2021-22 ENDODONTICS","12","Analgesics administered commonly in post-obturation pain after Endodontic procedure is","Acetaminophen","Ibuprofen+Acetaminophen","Ibuprofen","Codeine + Acetaminophen","B","The source recommends NSAIDs and acetaminophen for post-treatment pain and describes ibuprofen/acetaminophen combination therapy."
"Endodontics","RECENT PAPERS 2021-22 ENDODONTICS","13","What is the treatment of the following condition present in the image?","Physiological splint of 4 weeks + RCT of coronal + Apical third is removed","Physiological splint of 4 weeks+ Apexification of coronal segment","Physiological splint of 4 weeks only","None of the above","B","The source describes a mid-root fracture and explains splinting and coronal-segment endodontic management; the answer key selects option B."
"Endodontics","RECENT PAPERS 2021-22 ENDODONTICS","14","Which of the following is least important for the success of an uncomplicated crown fracture fragment?","Hydration of fragment","Cervico incisal level of fracture","Adhesive material used for fracture","Crown & fragment preparation","B","The source emphasizes fragment hydration and the importance of maintaining hydration for bond strength."
"Endodontics","RECENT PAPERS 2021-22 ENDODONTICS","15","Most frequent factor for invasive cervical root resorption is","Trauma","Orthodontic Tooth movement","Periodontal process","Bleaching","B","The source states orthodontic treatment was the most frequently identified single factor, followed by trauma."
"Endodontics","RECENT PAPERS 2021-22 ENDODONTICS","16","After reimplantation which of the following type of resorption occurs most commonly?","Internal root resorption","External root resorption","Replacement root resorption","Traumatic resorption","B","After reimplantation several resorptions may occur, but external inflammatory root resorption is stated to be the most common."
"Endodontics","RECENT PAPERS 2021-22 ENDODONTICS","17","A patient is having pain for 4 days and swelling; the patient has previous history of RCT & periapical radiolucency present, what will be your diagnosis?","Chronic Peri-apical abcess","Chronic Peri-apical periodontitis","Secondary acute Peri-apical abcess","Primary acute Peri-apical abcess","C","Pain and swelling superimposed on a chronic periapical lesion represents secondary acute apical abscess."
"Endodontics","RECENT PAPERS 2021-22 ENDODONTICS","18","A boxer had a history of dental trauma & is now having limited alveolar movement. What phobia is he suffering from?","dental phobia","sports phobia","movement phobia","Kineso phobia","D","The source discusses kinesiophobia as an excessive, irrational and debilitating fear of physical activity or movement."
"Endodontics","RECENT PAPERS 2021-22 ENDODONTICS","19","Identify the image with correct options of dental procedure done?","Fiber Post & crown","cast post and core","post and amalgam core","dentin pin and amalgam core","B","The source identifies the pictured procedure as a cast post and core."
"Endodontics","RECENT PAPERS 2021-22 ENDODONTICS","20","Tenderness on percussion in due to","Acute apical periodontitis","Pulpitis","periapical abscess","chronic apical periodontitis","A","Percussion testing assesses periradicular inflammation; the answer key identifies acute apical periodontitis."
"Endodontics","RECENT PAPERS 2021-22 ENDODONTICS","21","According to IADT, fixation protocol for subluxation","Semi Rigid for 2 weeks","Semi Rigid for & 4 weeks along with alveolar #","Semi Rigid for 4 weeks if alveolar # is there","Semi Rigid # for & 2 weeks if alveolar # is there","A","The source references IADT short-term, passive, flexible splinting principles for traumatic dental injuries."
"Endodontics","RECENT PAPERS 2021-22 ENDODONTICS","22","Root fracture with fine line on radiograph and rounded edges. Infer the healing type.","Healing with Bone and connective tissue formation","Healing with connective tissue formation.","Healing with cementum and bone formation","Healing with connective tissue formation and inflammatory process","B","<table><tr><th>Healing type</th><th>Radiographic feature</th></tr><tr><td>Healing with calcified tissue</td><td>The fracture line is visible, but the fragments are in close contact.</td></tr><tr><td>Healing with interproximal connective tissue</td><td>The fragments appear separated by a narrow radiolucent line, and the fractured edges appear rounded.</td></tr><tr><td>Healing with bone</td><td>The fragments are separated by bone between the fracture line.</td></tr><tr><td>Healing with connective tissue and inflammatory process</td><td>A widening of the fracture line and/or a developing tissue without radiolucency corresponding to the fracture line becomes apparent.</td></tr></table>"
"Endodontics","RECENT PAPERS 2021-22 ENDODONTICS","23","Why MTA is considered advantageous as a root end filling material.","Biocompatible","Setting time 2 to 3 hours","Can set in moisture also","As a filling material","A","MTA is biocompatible and can set in moisture; the source notes its in-vitro sealing ability and biocompatibility."
"Endodontics","RECENT PAPERS 2021-22 ENDODONTICS","24","An open-ended needle should be kept at a distance of ____ mm to prevent extrusion?","2mm short of apical foramen","1mm short of apical foramen","3mm short of apical foramen","4mm short of apical foramen","C","For open-ended needles, the safe distance from the apical foramen/working length is approximately 3 mm."
"Endodontics","RECENT PAPERS 2021-22 ENDODONTICS","25","All of the following prevent sodium hypochlorite accident except?","Establish an accurate working length","If irrigating using positive pressure, employ a small side vented needle placed no closer than 2 mm from the working length.","place the needle tip as close to apex as possible","Carefully assess the canal integrity for signs of perforation or other large portals of fluid egress","C","The source recommends accurate working length, side-vented needles, slow expression and avoiding placement close to or beyond the working length."
"Endodontics","RECENT PAPERS 2021-22 ENDODONTICS","26","For regeneration, MTA plug is placed ideally","2-3mm from radiographic root apex","at radiographic root apex","4 – 6mm below CEJ","At the apex from coronal junction.","C","The source states that a 3–6 mm MTA/Biodentin coronal plug is created above the blood clot, approximately 3 mm below the CEJ; the answer key selects C."
"Endodontics","RECENT PAPERS 2021-22 ENDODONTICS","27","Which of the following irrigants help in differentiating between irreversible & reversible pulpitis and decides which tooth will go for pulpotomy or RCT?","MTAD","Chlorhexidine","Hypochlorite","Hydrogen peroxide","C","The source states that 5% sodium hypochlorite is used in this decision; bleeding is assessed after hypochlorite application."
"Endodontics","RECENT PAPERS 2021-22 ENDODONTICS","28","Instruments used to prepare ovoid canal","Reamer","S file","K file","H file","D","Stainless-steel Hedstrom files with circumferential filing are best suited for cleaning oval canals and canal extensions."
"Endodontics","RECENT PAPERS 2021-22 ENDODONTICS","29","Coronal flaring is done as 1st step in root canal for all of the following purposes except","it helps in determination of canal width, ledge, curvature and apex","Allow flow of irrigant into canal","Remove reparative dentin","Decreases the radius of curvature","D","The source lists reducing the angle and increasing the radius of curvature as objectives of coronal flaring."
"Endodontics","RECENT PAPERS 2021-22 ENDODONTICS","30","During cavity preparation on a carious tooth, if accidental exposure of pulp occurs resulting in acute pain, what will be the treatment?","Sedative with eugenol and then look for bleeding","Extraction","Stainless steel crown","Apply bonding agent","A","The source explains that bleeding must be identified and controlled; eugenol has an obtundant effect on exposed pulp and may be used if available."
"Endodontics","RECENT PAPERS 2021-22 ENDODONTICS","31","A 9-year-old child with history of trauma reported to your clinic. Radiograph of avulsed tooth replanted with 1 year back is given below. Which of the following is correct?","A. Hypercementosis; i. good prognosis","A. Hypercementosis; ii. Bad prognosis","B. pulp canal obliteration; i. good prognosis","B. pulp canal obliteration; ii. Bad prognosis","C","The source states that replanted teeth require long-term clinical/radiographic monitoring and that pulp canal obliteration can occur after luxation injuries."
"Endodontics","RECENT PAPERS 2021-22 ENDODONTICS","32","Tooth 21 had luxation injury. What is the diagnosis and treatment for 21?","A. external resorption; ii. calcium hydroxide filling","A & i","B & i","B & ii","A","The source answer key identifies option A for the diagnosis/treatment combination shown."
"Endodontics","RECENT PAPERS 2021-22 ENDODONTICS","33","Post endodontic pain is best managed by","Tramadol","Morphine","Acetaminophen","Codeine","C","The source discusses NSAIDs and acetaminophen as the preferred approach for post-treatment pain."
"Endodontics","RECENT PAPERS 2021-22 ENDODONTICS","34","For root resection in endo microsurgery, which magnification is needed?","Very low (1x-4x)","Low (3x-8x)","Medium (8x-14x)","High (14x-26x)","C","The source identifies medium magnification for endodontic microsurgical root resection."
"Endodontics","RECENT PAPERS 2021-22 ENDODONTICS","35","Identify the device shown below","Diagnodent","Electric pulp tester","Apex locator","CAT scan","B","The image shows an electric pulp tester. The source explains that EPT stimulates a sensory nerve response."
"Endodontics","RECENT PAPERS 2021-22 ENDODONTICS","36","A patient reported to your clinic with history of trauma 6 months back, radiograph is given below. What should be the line of treatment?","Wait and watch","Pulpotomy","Pulpectomy and place calcium hydroxide","restoration of the tooth","C","The source identifies the pictured material as Metapex, a calcium-hydroxide-based paste used as a root-canal filling material, especially in primary teeth."
"Endodontics","RECENT PAPERS 2021-22 ENDODONTICS","37","Identify the following image along with its use","A. Pit & fissure sealant; 1) To prevent caries","B. Resorbable filling material; 3) Pulpectomy of primary teeth","B. Resorbable filling material; 1) To prevent caries","A. Pit & fissure sealant; 3) Pulpectomy of primary teeth","B","The source identifies the pictured material/device as a resorbable filling material and discusses its use in primary teeth."
"Endodontics","RECENT PAPERS 2021-22 ENDODONTICS","38","Chlorhexidine should be placed in root canal to prevent inflammatory root resorption for","7 days","4 weeks","12 days","8 weeks","B","The source discusses chlorhexidine as an intracanal antimicrobial medicament with substantivity; the answer key identifies 4 weeks."
"Endodontics","RECENT PAPERS 2021-22 ENDODONTICS","39","Duration of pulpal anesthesia decline in maxillary incisors after","15-20 min","30 -45 min","40 -60 min","> 60 min","B","The source states that pulpal anesthesia in maxillary anterior teeth declines after approximately 30–45 minutes."
"Endodontics","RECENT PAPERS 2021-22 ENDODONTICS","40","Which of the following will not cause external inflammatory root resorption?","infection from canal","pressure from adjacent tooth","vital pulp","orthodontic treatment","C","External inflammatory resorption is associated with damage to the protective precementum and causes including infection and orthodontic treatment; a vital pulp does not cause it."
"Endodontics","RECENT PAPERS 2021-22 ENDODONTICS","41","Best obturating technique in case of internal resorption","Carrier based GP","Thermoplastic GP","Vertical condensation","Warm lateral condensation","B","The source states that filling material for a resorptive defect must flow and identifies thermoplastic gutta-percha as producing better fills."
"Endodontics","RECENT PAPERS 2021-22 ENDODONTICS","42","All of the following will negatively influence the outcome of lateral luxation except","Rigid splinting","increased force during splinting","Delayed treatment","Antibiotic therapy","D","The source cites IADT guidance for repositioning and flexible splinting and notes limited evidence for systemic antibiotics in emergency management."
"Endodontics","RECENT PAPERS 2021-22 ENDODONTICS","43","Regenerative endodontic procedures are all except?","Pulp reimplantation","Apexogenesis","Revascularization of immature apex tooth","Postnatal stem cell therapy","B","The source lists revascularization of immature apex, pulp reimplantation and postnatal stem cell therapy as regenerative endodontic procedures."
"Endodontics","RECENT PAPERS 2021-22 ENDODONTICS","44","In bone defect after periapical surgery, how much time it will take for bone deposition?","8 weeks","12 weeks","16 weeks","14 weeks","C","The source describes progressive osseous healing after surgery; the answer key identifies 16 weeks."
"Endodontics","RECENT PAPERS 2021-22 ENDODONTICS","45","Weine classification type 2 stands for","one orifice, 1 canal, 1 apical foramen","one orifice, 2 canals, 1 apical foramen","two orifice, 1 canal, 2 apical foramen","two orifice, 2 canal, 1 apical foramen","D","The source directs the reader to the corresponding Weine classification explanation in the recent papers section."
"Endodontics","RECENT PAPERS 2021-22 ENDODONTICS","46","Which law of isometry is demonstrated in image given by Kushner and Rankow?","law of symmetry","law of colour change of orifice","law of centrality","law related to external contour of orifice","A","The source directs the reader to the Kushner and Rankow law explanation in the recent papers section."
"Endodontics","RECENT PAPERS 2021-22 ENDODONTICS","47","A patient detected with round radiolucency in root canal region with Ellis class 2 dental root fractures. The diagnosis is","Internal resorption","Developmental anomaly","Horizontal root fracture","Vertical root fracture","A","The source identifies the diagnosis as internal resorption."
"Endodontics","RECENT PAPERS 2021-22 ENDODONTICS","48","Gutta percha can be dissolved in all except:","Xylene","Xylol","Halothane","Chloroform","B","The source lists commonly used solvents including xylene, eucalyptol and halothane; the answer key selects Xylol."
"Endodontics","RECENT PAPERS 2021-22 ENDODONTICS","49","Which of the following property of NaOCl is least desirable for pulpotomy procedure?","Blood clot dissolution","Removal of predentin layer","Chemical amputation of pulp","Antimicrobial property","B","The source discusses NaOCl pulpotomy and identifies removal of the predentin layer as the least desirable property."
"Endodontics","RECENT PAPERS 2021-22 ENDODONTICS","50","Identify the following given image:","Radix entomolaris","Radix paramolaris","Supernumerary root","Concrescence","A","The source identifies the image as radix entomolaris, an extra root associated with mandibular molars."
"Endodontics","RECENT PAPERS 2021-22 ENDODONTICS","51","On a radiograph, it was seen that GP was tightly compacted on the coronal third but loosely spaced on apical region. The reason is?","Excess cement","Inadequate length of the spreader inserted short of apex","Less filling of accessory canals","Improper pressure while lateral compaction","B","The source explains that inadequate spreader penetration can produce poor apical compaction and voids/less density."
"Endodontics","RECENT PAPERS 2021-22 ENDODONTICS","52","Distance of the open irrigation needle from the apical end of the root canal should be:","1 mm","2 mm","3 mm","4 mm","C","For open-ended needles the safe distance from the apical foramen/working length is approximately 3 mm."
"Endodontics","RECENT PAPERS 2021-22 ENDODONTICS","53","A 42-year-old male complains of swelling in the upper lip. He informs he had history of trauma 12 years ago. He was given endodontic treatment at that time. He now reports with sinus draining pus. What is the diagnosis now?","Internal replacement resorption","Internal resorption with iatrogenic apical perforation","Internal resorption with root fracture","External resorption","C","The source describes internal root resorption in the root-fracture area and identifies the corresponding diagnosis."
"Endodontics","RECENT PAPERS 2021-22 ENDODONTICS","54","In absence of HBSS solution, which of the following given medium is best for the storage of the avulsed tooth for short period of time:","Saline","Milk","Saliva","Water","B","The source states the preferred storage-media order as milk, saliva, physiologic saline, and water, with water least desirable."
"Endodontics","RECENT PAPERS 2021-22 ENDODONTICS","55","A 13-year-old boy had an injury by a cricket ball-3 months ago. He has mobility and dull pain in anterior tooth region. Following IOPA is given. What is the most ideal treatment?","RCT with splint","Wait and watch","Regeneration & Revascularization","Splint, Immediate RCT & Retrograde MTA filling after surgical removal of apical segment","D","The source refers to the root-fracture treatment sequence in Q13: splint, RCT, surgical removal of the apical segment and retrograde MTA in the indicated situation."
"Endodontics","RECENT PAPERS 2021-22 ENDODONTICS","56","Patient is suffering from pain at night since a month. One portion of gingiva is completely recessed in between two teeth. Last night she had severe cold sensitivity which persisted for one hour. What will be the diagnosis?","Reversible pulpitis","Irreversible pulpitis","Acute periapical abscess","Pulp necrosis","B","The source identifies this clinical scenario as irreversible pulpitis; lingering, severe and nocturnal pain supports the diagnosis."
"Endodontics","RECENT PAPERS 2021-22 ENDODONTICS","57","Which of the following techniques will lead to least dentinal crack while biomechanical preparation:","Step back","Crown down with hand Stainless steel Files","Crown down with rotary NiTi files","Crown down with Hand K files","B","The source cites studies showing more dentinal defects with rotary NiTi than hand K/H stainless-steel files and selects crown-down with hand stainless-steel files."
"Endodontics","RECENT PAPERS 2021-22 ENDODONTICS","58","Successful endodontic treatment for a periapical lesion result in: A. Cementum deposition B. Dentin deposition in tubule C. Alveolar bone formation D. Periodontal fibre regeneration","ABC","ABC D","ABC","AC","D","The source answer key selects A, B, C and D; healing includes cementum, dentin, alveolar bone and periodontal fibre regeneration."
"Endodontics","RECENT PAPERS 2021-22 ENDODONTICS","59","A 12-year-old child after etching develops sudden sharp pain. Which of the following is the probable cause? A. Ulcer due to acid B. Hidden caries in the same tooth C. Caries in the adjacent teeth D. Cervical eburnation of the tooth","AB","ABCD","ABC","AC","C","The source answer key identifies A, B and C as the probable causes listed in the question."
"Endodontics","RECENT PAPERS 2021-22 ENDODONTICS","60","Uncomplicated crown-root fracture will consist of:","Enamel","Dentin","Cementum","Pulp","C","The source states that an uncomplicated crown-root fracture involves enamel, dentin and root cementum without pulp involvement."
"Endodontics","RECENT PAPERS 2021-22 ENDODONTICS","61","If canal preparation is done near apical region with an inflexible instrument, which of the following defects will be seen on the optical outer curvature:","Ledge","Zipping","Perforation","Elbow","B","The source explains that an inflexible file in a curved canal can create an elbow and zip; the answer key identifies zipping."
"Endodontics","RECENT PAPERS 2021-22 ENDODONTICS","62","The most important principle for access cavity preparation is:","Straight line access to the canal","Removal of all caries","Removal of all pulp horns","Preservation of the tooth structure","A","The source lists straight-line access as a key objective of coronal access preparation while preserving structural integrity."
"Endodontics","RECENT PAPERS 2021-22 ENDODONTICS","63","For regeneration of pulp tissue which is used?","IPC","revascularization","Apexification","full pulpotomy","B","The source lists revascularization of an immature apex as a regenerative endodontic procedure."
"Endodontics","RECENT PAPERS 2021-22 ENDODONTICS","64","EPT will detect which of the following:","Pulp is hyperplastic or hyperemic","Acute pulpitis or chronic pulpitis","Vital and non-vital teeth","Partial necrosis","C","EPT stimulates a sensory nerve response; a positive response indicates vitality and no response can indicate necrosis."
"Endodontics","RECENT PAPERS 2021-22 ENDODONTICS","65","In endodontic microsurgical procedures, what magnification is used?","2.5X to 8X","8X to 14X","14X to 30X","10X to 20X","B","The source refers back to the magnification explanation for Q34 and identifies the medium range."
"Endodontics","RECENT PAPERS 2021-22 ENDODONTICS","66","Mummy dust contains?","Dentinal debris","Pulp remnants","Red blood clot related option","Dried granulation tissue","D","The source identifies mummy dust as dried granulation tissue."
"Endodontics","RECENT PAPERS 2021-22 ENDODONTICS","67","Endo NiTi files works on which property","R phase","M phase","Electrosurface","Work memory/shape memory / pseudoelasticity","D","The source refers to the biomechanics explanation for the shape-memory/pseudoelastic behavior of NiTi."
"Endodontics","RECENT PAPERS 2021-22 ENDODONTICS","68","Stiffness index 1 is seen with which of the following?","18 x 18 M NiTi / Stainless steel 16","Co-Cr","1 x 25 TMA","Stainless steel 18/10","A","<table><tr><th>Wire</th><th>Stiffness index</th></tr><tr><td>18 × 18 M-NiTi</td><td>1</td></tr><tr><td>17 × 25 M-NiTi</td><td>2</td></tr><tr><td>21 × 25 M-NiTi</td><td>3</td></tr><tr><td>17 × 25 beta-Ti</td><td>4</td></tr><tr><td>19 × 25 beta-Ti</td><td>5</td></tr><tr><td>19 × 25 steel</td><td>6</td></tr><tr><td>16 mil Stainless steel</td><td>1</td></tr></table>"
