Subject,Chapter,Question No,Question,Option A,Option B,Option C,Option D,Correct Answer,Explanation,Image Reference
Oral Pathology,Developmental Disturbances,1,A union of the roots of adjacent teeth through the cementum is referred to as,Concrescence,Fusion,Gemination,None of the above,A,"[Shafer 7th ed 40, 41/ 6th ed 40]
<table><tr><th>Condition</th><th>Explanation</th></tr>
<tr><td>Gemination</td><td>• An attempt at division of a single tooth before calcification, resulting in incomplete formation of two teeth.<br>• The resultant structure will have two completely or incompletely separated crowns with a single root and root canal.<br>• It is difficult to differentiate between gemination and a case in which there has been fusion between a normal tooth and a supernumerary tooth.</td></tr>
<tr><td>Twinning</td><td>• The division of a single tooth resulting in one normal and one supernumerary tooth. The number of teeth will be more than normal.</td></tr>
<tr><td>Concrescence</td><td>• A form of fusion of cementum after completion of root formation.<br>• The teeth are united by cementum only.<br>• Maxillary molars are frequently involved.</td></tr>
<tr><td>Fusion</td><td>• Union of two normally separated tooth germs.<br>• If the union occurs before calcification, the two teeth are completely united to form a single large tooth.<br>• If the union occurs after calcification, this is union of roots only. The tooth may have separate or fused root canals.<br>• Fusion of teeth is more common in deciduous teeth.</td></tr>
</table>",
Oral Pathology,Developmental Disturbances,2,The term dilaceration refers to,A deformity of a tooth consisting of a sharp bend in the root,Abrasions on two surfaces of a single tooth,A root or tooth that is split into two,A tooth that is fractured at two or more places,A,[A] [Shafer 7th ed 41/ 6th ed 40],
Oral Pathology,Developmental Disturbances,3,Peg-shaped incisors which taper towards the incisal edge are typically seen in all of the following conditions EXCEPT,Congenital syphilis,Rickets,Anhidrotic ectodermal dysplasia,Supernumerary teeth,B,[B] [Shafer 7th ed 52 for option ‘A’; 637 Fig 19.1 for ‘B’; 806 for option ‘C’; 47 for option ‘D’],
Oral Pathology,Developmental Disturbances,4,"In erythema migrans, which papilla of tongue are absent",Fungiform.,Foliate.,Filliform.,Circumvallate,C,"[C] [Shafer 4th ed 28]
Erythema migrans / wandering rash / geographic tongue (KCET-10) is other name for benign migratory glossitis.",
Oral Pathology,Developmental Disturbances,5,Globulomaxillary cyst is,Soft tissue cyst present often between maxillary lateral incisor and cuspid teeth.,Often present between incisor and cuspid teeth but is a bone cyst,A cyst present between the midline of the palate,A cyst present in the incisive canal,B,"[B] [Shafer 7th ed 64/ 6th ed 64]
It is also called as premaxilla-maxillary cyst. It characteristically appears as inverted, pear shaped radiolucent area between roots of lateral incisor and cuspid. Histologically this cyst resembles odontogenic keratocyst.",
Oral Pathology,Developmental Disturbances,6,Which of the following features are of naso alveolar cyst,An ovoid shaped radiolucency above the lateral incisor and canine teeth,Erosion of base above lateral incisor and canine teeth,An inverted funnel shaped radiolucent lesion above the roots of lateral incisor and canine teeth,A pear shaped radiolucent lesion between roots of lateral incisor and canine teeth.,B,"[B] [Shafer 7th ed 67/ 6th ed 66]
<table><tr><th>Radiologic feature</th><th>Cyst</th></tr>
<tr><td>Ovoid or heart shaped radiolucency between or above the roots of maxillary central incisors</td><td>Median anterior maxillary cyst (<i>Nasopalatine</i> / Incisive canal cyst)</td></tr>
<tr><td>Inverted pear shaped radiolucent area between lateral incisor and cuspid</td><td>Globulomaxillary cyst (COMED-14)</td></tr>
<tr><td>Multilocular or unilocular well circumscribed lesion in midline of mandible</td><td>Median mandibular cyst</td></tr>
<tr><td>No radiologic feature</td><td>Nasolabial or klestadt’s cyst (a soft tissue cyst)</td></tr>
</table>",
Oral Pathology,Developmental Disturbances,7,"Facial edema, cheilitis granulomatosa and a fissured tongue characterize which of the following syndromes?",Frey,Melkerson-Rosenthal,Treacher Collins,None of the above,B,"[B] [Shafer 7th ed 22/ 6th ed 28]
Fissured tongue is seen in Melkersson-Rosenthal syndrome, Down syndrome and in some cases of benign migratory glossitis.
Melkersson-Rosenthal syndrome is characterized by triad of bell’s Palsy, persistent or recurring lip or facial swelling (cheilitis granulomatosa), and fissured tongue or lingua plicata. (COMEDK-10)",
Oral Pathology,Developmental Disturbances,8,Which of the following is a soft tissue cyst which do not produce any radiographic changes,Nasolabial cyst,Nasopalatine cyst,Mid alveolar cyst,Palatine cyst,A,"[A] [Shafer 7th ed 67/ 6th ed 66]
Nasolabial or klestadt’s cyst is a soft tissue cyst and involves the bone rarely.",
Oral Pathology,Developmental Disturbances,9,"The syndrome which consists of cleft palate, micrognathia and glossoptosis is known as",Marfan’s syndrome,Crouzon’s syndrome,Paget's disease,Pierre-Robin syndrome,D,"[D] [Shafer 7th ed 721/ 6th ed 717]
Micrognathia of maxilla is due to deficiency in premaxillary area.",
Oral Pathology,Developmental Disturbances,10,Developing ameloblasts are effected by the ingestion of high fluoride content water resulting in,Turner’s tooth,Hutchinson’s teeth,Mottled enamel,Moon’s molars,C,[C] [Shafer 7th ed 53/ 6th ed 52],
Oral Pathology,Developmental Disturbances,11,Teeth that erupt with in 30 days of birth are called,Natal teeth,Neonatal teeth,Primary teeth,Prenatal teeth,B,"[B] [Shafer 7th ed 59/ 6th ed 48]
Natal teeth are the teeth that are present in the oral cavity at the time of birth.",
Oral Pathology,Developmental Disturbances,12,A permanent tooth with a local hypoplastic deformity in a crown is called,Turner’s tooth,Taurodontism,Enameloma,Ghost teeth,A,[A] [Shafer 7th ed 53/ 6th ed 52],
Oral Pathology,Developmental Disturbances,13,True ankyloglossia occurs as a result of,Union between tongue and floor of mouth/ventral surface of tongue,Absence of lingual frenum,Lingual frenum attached to the tip of tongue,Short lingual frenum,A,"[A] [Shafer 7th ed 28/ 6th ed 27]
Tongue tie or ankyloglossia may cause speech defects, especially articulation of the sounds l, r, t, d, n, th, sh, and z.",
Oral Pathology,Developmental Disturbances,14,True generalized microdontia is characterized by,Small teeth with large jaws,Large teeth with small jaws,Smaller teeth than the normal,None,C,"[C] [Shafer 7th ed 39/ 6th ed 38]
Example of true microdontia is “pituitary dwarfism”. Example of true macrodontia is “pituitary gigantism”.",
Oral Pathology,Developmental Disturbances,15,Gemination of teeth occur due to,Division of a single tooth bud after calcification,Division of a single tooth bud before calcification,Fusion of two teeth before calcification,Fusion of two teeth after calcification,B,[B] [Shafer 7th ed 40/ 6th ed 39],
Oral Pathology,Developmental Disturbances,16,A deep pit lined by enamel seen in the lingual surface of Maxillary lateral incisor is most likely to be,Dens in dente,Enamel Hypoplasia,Talon’s cusp,Enamel Pearl,A,"[A] [Shafer 7th ed 42/ 6th ed 101]
Ghost teeth or regional odontodysplasia is due to defective mineralization. Both the enamel and dentin appear very thin and the pulp chamber is exceedingly large. The roentgenograms characteristically show a marked reduction in radiodensity (MHCET-16) so that the teeth assume a “ghost” appearance. Maxillary anterior teeth are more frequently involved than the mandibular anterior teeth.",
Oral Pathology,Developmental Disturbances,17,Ghost teeth is seen in which of the following,Dens is dent,Regional odontodysplasia,Dentin dysplasia,None of the above,B,"[B] [Shafer 7th ed 39/ 6th ed 37]
Static or stafne cyst is due to developmental inclusion of salivary glandular tissue on the lingual surface of mandible BELOW the mandibular canal.",
Oral Pathology,Developmental Disturbances,18,Which of the following lesions does not give blood on aspiration,Heamangioma,Static bone cyst,Central giant cell granuloma,Aneurysmal bone cyst,B,"[B] [Shafer 7th ed 55/ 6th ed 54-55]
In TYPE I dentinogenesis imperfecta the pulp chambers are smaller than normal or completely obliterated but the teeth in TYPE II shows enormous pulp chambers and so known as shell teeth.",
Oral Pathology,Developmental Disturbances,19,Absence of pulp chambers is seen in,Craniofacial dysostosis,Dentinogenesis imperfecta,Amelogenesis imperfecta,Any of the above,B,"[B] [Shafer 7th ed 55/ 6th ed 54-55]
In TYPE I dentinogenesis imperfecta the pulp chambers are smaller than normal or completely obliterated but the teeth in TYPE II shows enormous pulp chambers and so known as shell teeth.",
Oral Pathology,Developmental Disturbances,20,"Dentinogenesis imperfecta differs from amelogenesis imperfecta in that, the former is",A hereditary disturbance,The result of excessive fluoride ingestion,The result of faulty enamel matrix formation,Characterized by calcification of pulp chambers and the root canals of the teeth,D,"[D] [Shafer 7th ed 55/ 6th ed 54-55]
<table><tr><th>Type I</th><th>Revised shields classification of dentinogenesis imperfecta</th></tr>
<tr><td>Type I</td><td>• Dentinogenesis imperfecta is seen without osteogenesis imperfecta.<br>• Caused by mutation in Dentin sialophosphoprotein (DSPP) gene that maps to chromosome#4.<br>• Affected teeth are amber brown and opalescent and have broad crowns with constriction of cervical area resulting in ‘Tulip’ shape.<br>• The teeth have bulbous crowns, with narrow roots and root canals. The pulp chambers are smaller than normal.<br>• Some researchers found an increase in glycosaminoglycans.<br>• The dentin is composed of irregular tubules that tend to be larger in diameter and less numerous than normal. This is due to limited ability of odontoblasts to form well organized dentinal matrix.<br>• The water content in teeth is greatly increased as much as 60% above normal and the micro hardness of dentin closely approximates cementum.</td></tr>
<tr><td>Type II</td><td>• Also known as Brandywine type or shell teeth (shields type III).<br>• Apart from DSPP, three other genes, DMP-1, 1BSP and SPP1 are also involved.<br>• The dentin is extremely thin and the pulp chambers are large due to insufficient and defective dentin formation & multiple pulp exposures are more common than in type I.<br>• In roentgenograms, the teeth appear as shells of enamel and dentin surrounding extremely large pulp chambers and root canals.</td></tr>
</table>
Clinically both types of dentinogenesis imperfecta exhibit a characteristic unusual translucent or opalescent hue. The usual scalloping of DEJ, which tends to form an interlocking union between the enamel and dentin, is absent and this results in early loss of enamel. This results in rapid attrition of enamel and the occlusal surfaces of primary and permanent molars are severely flattened.",
Oral Pathology,Developmental Disturbances,21,The most common supernumerary tooth form is,Tuberculated,Conical,Screw shaped,Incisor shaped,B,"[B] [Shafer 7th ed 48/ 6th ed 46]
‘Mesiodens’ is the most common supernumerary teeth. It is a cone-shaped crown with a short root and is usually present between the two maxillary central incisors. The various morphological types of supernumerary teeth are
• Conical
• Supplemental
• Odontome (KCET-10)",
Oral Pathology,Developmental Disturbances,22,A patient notices a well demarcated area of depapillation on his tongue which has been there for as long as he can remember. The most probable diagnosis,Median rhomboid glossitis,Geographic tongue,Black hairy tongue,Moeller’s glossitis,A,"[A] [Shafer 7th ed 30/ 6th ed 29]
Option ‘B’, “Geographic tongue or benign migratory glossitis” is characterized by multiple areas of desquamation of the filiform papillae of the tongue. The desquamated areas appears in one location, then heal and reappear in another location giving rise to idea of migration.",
Oral Pathology,Developmental Disturbances,23,Fordyce’s spots are,Fat tissue embedded in buccal mucosa,Red spots,Present on the cheek mucosa lateral to angle of the mouth,All of the above,C,"[C] [Shafer 7th ed 24/ 6th ed 23-24]
Fordyce’s spots are heterotopic collections of sebaceous glands at various sites in the oral cavity (COMED-14). They appear as yellow spots and are found on cheek mucosa lateral to angle of mouth, mostly on the mucosa of the cheeks opposite the molar teeth in a bilateral symmetrical pattern.",
Oral Pathology,Developmental Disturbances,24,Most common missing tooth in the permanent dentition is,Maxillary canine,Maxillary first molar,Mand. 2nd premolar,Mandibular first molar,C,"[C] [Shafer 7th ed 46, 47/ 6th ed 45-46]
<table><tr><th>Feature</th><th>Finding</th></tr>
<tr><td>Most common super-numerary tooth</td><td>Mesiodens</td></tr>
<tr><td>2nd most common supernumerary teeth</td><td>Maxillary 4th molars followed by mandibular 4th molars</td></tr>
<tr><td>Most commonly ankylosed tooth or most commonly ankylosed primary tooth/submerged tooth</td><td>Deciduous mandibular second molar (AP-14)</td></tr>
<tr><td>Most commonly missing deciduous teeth</td><td>Maxillary and mandibular lateral incisors</td></tr>
<tr><td>Most commonly missing permanent teeth</td><td>3rd molars followed by maxillary laterals and mandibular or maxillary second premolars.</td></tr>
<tr><td>Supernumerary roots are common in</td><td>Mandibular canine & premolars</td></tr>
<tr><td>Teeth commonly involved in Turner’s hypoplasia</td><td>Permanent premolars followed by permanent maxillary incisors</td></tr>
<tr><td>Teeth that are commonly affected with microdontia</td><td>Maxillary lateral incisors followed by third molars.</td></tr>
</table>",
Oral Pathology,Developmental Disturbances,25,Hypoplastic defects in permanent central and lateral incisors are likely to result due to severe illness or other factors during,First 9 months of life,First 2 years of life,First month of life,Two or three years of life,A,"[A] [Shafer 7th ed 52/ 6th ed 51]
<table><tr><th>Timing</th><th>Teeth involved</th></tr>
<tr><td>Below 1yr</td><td>Centrals, laterals, first molar and tip of cuspids</td></tr>
<tr><td>After 3yrs</td><td>Premolars, 2 & 3rd molars</td></tr>
</table>",
Oral Pathology,Developmental Disturbances,26,Ectopic sebaceous glands in the mouth are called,Linea alba buccalis,Heck’s disease,Lingual varices,Fordyce spots.,D,"[D] [Shafer 7th ed 24/ 6th ed 23-24]
Option ‘B’ Heck’s disease or focal epithelial dysplasia occurs predominantly in children. It presents as multiple nodular lesion occurring most commonly on the lower lip. The lesions of focal epithelial hyperplasia contains virus like particles, which are similar to human oral papillomas.",
Oral Pathology,Developmental Disturbances,27,Gardner syndrome does not include,Osteomas,Epidermoid cysts,Osteosarcoma,Impacted permanent teeth,C,"[C] [Shafer 7th ed 48/ 6th ed 47]
Gardner’s syndrome consists of:
• Multiple polyposis of large intestine
• Osteomas of bones
• Multiple epidermoid/sebaceous cysts
• Impacted supernumerary and permanent teeth
• Occasional desmoid tumors",
Oral Pathology,Developmental Disturbances,28,Lingual tonsils arise,As developmental anomalies,From carcinomatous transformation,As a result of hyperplasia,Due to repeated trauma in the area,A,"[A] [Shafer 7th ed 34/ 6th ed 33]
Lingual tonsil, one of the largest oral lymphoid aggregates, is located on the posterior portion of tongue on dorsolateral aspect. It is surrounded by crypt lined by stratified squamous epithelium. It may become inflamed and enlarged bilaterally.",
Oral Pathology,Developmental Disturbances,29,Dentinogenesis imperfecta is,Autosomal dominant,Autosomal recessive,Sex linked recessive,Not a inheritable trait,A,[A] [Shafer 7th ed 55/ 6th ed 54],
Oral Pathology,Developmental Disturbances,30,A 40 year old male patient presents with a painless swelling causing fullness of upper lip and elevation of nostril on left side. The only positive radiographic finding is unilateral elevation of floor of nasal cavity. The probable diagnosis is,Globulomaxillary cyst,Polyp in the nasal cavity,Radicular cyst,Nasolabial cyst,D,"[D] [Shafer 7th ed 66/White & Pharoah 6th ed 360]
Nasolabial cyst or nasolabial cyst was once thought to arise at the junction of globular process, lateral nasal process and the maxillary process due to proliferation of entrapped epithelium along the fusion line. It is now thought to originate from the lower anterior part of nasolacrimal duct rather than from entrapped epithelium. It may cause a swelling in the mucolabial fold as well as floor of the nose, being located near the attachment of the ala over the maxilla. It is a soft tissue cyst, thus not being visible on a radiograph. Rarely, it may produce erosion of the underlying bone or distortion of inferior border of nasal fossa.",
Oral Pathology,Developmental Disturbances,31,Bohn’s nodules are,Cystic swellings in neonates,Cysts associated with soft palate,Cysts of gingiva in growing children,Warts on the tongue,A,"[A] [Shafer 7th ed 67/ 6th ed 93]
“Bohn’s nodules” are seen at the junction of hard and soft palates whereas “Epstein pearls” are seen along the median raphae of hard palate. A third type known as “Dental lamina cysts of new born” are seen on the alveolar ridges.",
Oral Pathology,Developmental Disturbances,32,False about anodontia,May involve both the deciduous and the permanent dentition,In false anodontia tooth doesn’t undergo full development,May involve a single tooth,In total anodontia all teeth are missing,B,"[B] [Shafer 7th ed 46/ 6th ed 45]
False anodontia / Induced anodontia is due to multiple extracted teeth while pseudo anodontia is due to multiple unerupted teeth.",
Oral Pathology,Developmental Disturbances,33,Turners tooth is seen in,enamel hypoplasia due to hypocalcemia,enamel hypoplasia due to birth injuries,enamel hypoplasia due to congenital syphilis,enamel hypoplasia due to local infection or local trauma,D,[D] [Shafer 7th ed 53/ 6th ed 52],
Oral Pathology,Developmental Disturbances,34,All are true about supernumerary tooth except,May have resemblance to normal teeth,Disto molars doesn’t resemble any other tooth,Mesiodens is the most common supernumerary tooth,More common in mandible,D,"[D] [Shafer 7th ed 64/ 6th ed 46-47]
Supernumerary teeth are most common in anterior maxilla.",
Oral Pathology,Developmental Disturbances,35,Dental anomaly of teeth associated with defect formation is seen in,amelogenesis imperfecta,dentinogenesis imperfecta,Odontodysplasia,Osteitis deformans,B,[B] [Shafer 7th ed 55/ 6th ed 69],
Oral Pathology,Developmental Disturbances,36,Fusion of teeth is more common in-,Primary dentition,Permanent dentition,Mixed dentition,None of the above.,A,"[A] [Shafer 7th ed 41/ 6th ed 39]
Refer Q. No. 1.",
Oral Pathology,Developmental Disturbances,37,"Multiple osteomas, multiple polyposis, supernumerary teeth are found in ___ syndrome",Reiter's,Peutz - jeghers,Gardner's,Behcet's,C,[C] [Shafer 7th ed 48/ 6th ed 47],
Oral Pathology,Developmental Disturbances,38,Prolonged administration of broad spectrum antibiotics results in the formation of,Black hairy tongue,Median rhomboid glossitis,Geographic tongue,Fissured tongue,A,[A] [Shafer 7th ed 32/ 6th ed 31],
Oral Pathology,Developmental Disturbances,39,Hairy tongue is characterized by hypertrophy of,fungiform papillae,foliate papillae,filiform papillae,circumvallate papillae,C,"[C] [Shafer 7th ed 32/ 6th ed 31]
<table><tr><th>Papilla involved</th><th>Condition</th></tr>
<tr><td>Multiple areas of desquamation of filiform papillae</td><td>Benign migratory glossitis or geographic tongue</td></tr>
<tr><td>Hypertrophy of filiform papillae from 1mm to 15 mm</td><td>Black hairy tongue (lingua villosa)</td></tr>
<tr><td>Atrophy of filiform papillae with normal or engorged fungiform papillae</td><td>Riboflavin or B<sub>2</sub> deficiency.</td></tr>
<tr><td>Swollen, hyperemic fungiform papillae</td><td>Strawberry tongue (scarlet fever)</td></tr>
<tr><td>Familial dysautonomia</td><td>Absence of fungiform and circumvallate papillae</td></tr>
<tr><td>Absence of filiform papillae</td><td>Median rhomboid glossitis</td></tr>
</table>",
Oral Pathology,Developmental Disturbances,40,A 4-year old child has less number of teeth and lateral incisors with bifurcated roots with two root canals is called,Dilaceration,Concrescence,Fusion,Gemination,C,[C] [Shafer 7th ed 41/ 6th ed 39],
Oral Pathology,Developmental Disturbances,41,Naso Labial cyst is thought to arise from,Remnants of cell rests of serrae,Remnants of cell rests of mallasez,Remnants of cell rests of embryonic lacrimal duct,Maxillary sinus lining epithelium,C,[C] [Shafer 7th ed 67/ 6th ed 66],
Oral Pathology,Developmental Disturbances,42,Microdontia is most commonly seen affecting,Max. lateral incisor,Mand. second premolar,Mand. central incisor,Mand. first premolar,A,"[A] [Shafer 6th ed 38]
Microdontia most commonly affects maxillary lateral incisor followed by 3rd molars.",
Oral Pathology,Developmental Disturbances,43,Taurodontism is characterized by,Hypercementosis,Elongated wide pulp canals and short roots,Obliterated pulp chambers with secondary dentine deposition,Rootless teeth with thin shell of enamel,B,"[B] [Shafer 7th ed 45/ 6th ed 44]
Taurodontism (Bull Teeth) is due to failure of hertwig’s sheath to invaginate at proper horizontal level (AIPG-14). Mostly molars are involved and the body of tooth is enlarged at expense of roots resulting in rectangular teeth. The roots are short and the pulp chambers are extremely large lacking the usual constriction at cervix of tooth.
It has been reported that many patients with Klinefelters syndrome exhibit taurodontism but is not constant feature of this syndrome (AIPG-10).",
Oral Pathology,Developmental Disturbances,44,Following are true about thyroglossal cyst EXCEPT,Often occur in children; they may also present in adults,Rarely may contain only functioning thyroid tissue,Treated surgically by Sistrunks operation,Moves downwards on tongue protrusion,D,"[D] [Shafer 7th ed 68]
Thyroglossal duct cyst results from the dilatation of remnants of thyroglossal duct. They often present as asymptomatic midline neck mass at or below the level of hyoid bone and move upwards during swallowing and tongue protrusion. They may contain functional thyroid tissue and before excision, presence of normally functioning thyroid glands in usual locations should be assessed by thyroid scans and function tests. Simultaneous removal of the central portion of hyoid bone to ensure complete removal of the tract is known as Sistrunk procedure.",
Oral Pathology,Developmental Disturbances,45,Which of the following is a Fissural cyst is,Dentigerous cyst,Primordial cyst,Nasopalatine cyst,Radicular cyst,C,[C] [Shafer 7th ed 64 Tab 4-1 260/ 6th ed 63],
Oral Pathology,Developmental Disturbances,46,"Bifid tongue, a congenital anomaly occurs due to non-fusion of",Tuberculum impar and lateral lingual swellings,Hypobranchial eminence and tuberculum impar,The two lateral lingual swellings,Some of the above,C,"[C] [Shafer 7th ed 28/ 6th ed 27]
Bifid tongue / cleft tongue is one of feature of “oro – facial – digital syndrome”.",
Oral Pathology,Developmental Disturbances,47,Anodontia affects the growth of,Maxilla,Mandible,Alveolar bone,Cranium,C,[C] [Shafer 7th ed 806/ 6th ed 45],
Oral Pathology,Developmental Disturbances,48,Delayed eruption of at least part of the dentition is a recognized feature of all of the following except,Rickets,Congenital hyperthyroidism,Cleidocranial dysplasia,Cherubism,B,"[B] [Shafer 7th ed 60/ 6th ed 59]
Delayed eruption is seen in conditions like:
<ul><li>Rickets</li><li>Down syndrome</li><li>Hypopituitarism</li><li>Cleidocranial dysplasia</li><li>Achondroplasia</li><li>Cretinism (Congenital Hypothyroidism)</li><li>Fibromatosis gingiva</li><li>Cherubism</li></ul>
<b>Local conditions</b>
<ul><li>Fibromatosis gingivae</li><li>Premature exfoliation of primary teeth</li><li>Thickened gingiva</li></ul>",
Oral Pathology,Developmental Disturbances,49,"Geographic tongue, all are true except",Lesions may be Bilaterally symmetrical on tongue,No treatment is required,Is a Precancerous condition,May be related to emotional stress,C,[C] [Shafer 7th ed 30/ 6th ed 31],
Oral Pathology,Developmental Disturbances,50,Which of the following dental sequel is likely in child with a history of generalized growth failure (failure to thrive) in the first 6 months of life,Retrusive maxilla,Enamel hypoplasia,Retrusive Mandible,Dentinogenesis imperfecta,B,[B] [Shafer 7th ed 69],
Oral Pathology,Developmental Disturbances,51,"A 4-year-old child has a normal complement of primary teeth, but they are gray and exhibit extensive occlusal and incisal wear. Radiographic examination indicates extensive deposits of secondary dentin in these teeth. Most likely this condition is",Neonatal hypoplasia,Amelogenesis imperfecta,Cleidocranial dysplasia,Dentinogenesis imperfecta,D,[D] [Shafer 7th ed 55/ 6th ed 54],
Oral Pathology,Developmental Disturbances,52,Laugier-Hunziker syndrome is associated with,Idiopathic macular oral hyperpigmentation,Multiple impacted supernumerary teeth,Ankyloglossia,Hemifacial atrophy,A,"[A] [Burket 11th ed 121]
Laugier Hunziker pigmentation is an acquired, idiopathic, macular hyperpigmentation of the oral mucosal tissues, especially lips, buccal mucosa, along with esophageal, genital, and conjunctival surfaces. They may also have nail involvement in the form of longitudinal melange streaks without any evidence of dystrophic change. No systemic abnormalities had been identified. The patients present with multiple, discrete, brown or dark brown macules, no more than 5mm in diameter and this condition is a diagnosed by exclusion.",
Oral Pathology,Developmental Disturbances,53,Median rhomboid glossitis is associated with,Oral cancer,Fungal infection,Leukoplakia,Burning sensation of tongue,B,"[B] [Shafer 7th ed 30/ 6th ed 29]
Median rhomboid glossitis or posterior midline atrophic candidiasis shows male predilection in 3:1 ratio. In some cases, a midline soft palate erythema may be found in the area of routine contact with the underlying tongue involvement and this is commonly referred as kissing lesion.
(Note:- Kissing disease is other name for infectious mononucleosis)
<table><tr><th>“Kissing lesion” is representative of</th><th></th></tr>
<tr><td>Option A</td><td>Candidiasis</td></tr>
<tr><td>Option B</td><td>Cytomegalovirus infection</td></tr>
<tr><td>Option C</td><td>Histoplasmosis</td></tr>
<tr><td>Option D</td><td>Infectious mononucleosis</td></tr>
</table>",
Oral Pathology,Developmental Disturbances,54,Most commonly submerged tooth is,Mand. primary 1st molar,Mand. primary 2nd molar,Maxi. primary 1st molar,Maxi. primary 2nd molar,B,"[B] [Shafer 7th ed 63/ 6th ed 62]
Submerged teeth are deciduous teeth that are ankylosed and prevent subsequent replacement by permanent teeth. The affected teeth lack mobility and upon percussion show a characteristic solid sound in contrast to dull cushioned sound of a normal tooth. X-Ray shows partial or complete absence of periodontal ligament space.",
Oral Pathology,Developmental Disturbances,55,Epstein pearls are cysts that arise from,Squamous tissue of the mucosa,Connective tissue of the mucosa,Rests of malassez,Dental lamina,D,"[D] [Shafer 7th ed 67/ 6th ed 66]
<table><tr><th>Lesion</th><th>Details</th></tr>
<tr><td>Bohn’s nodules</td><td>• Derived from epithelial remnants of developing palatal salivary glands.<br>• Usually scattered over the hard palate and tend to be most numerous along the junction of hard and soft palate.</td></tr>
<tr><td>Epstein’s pearls</td><td>Usually present along the median raphae of hard palate and appeared to be derived from entrapped epithelial remnants along the line of fusion (AIPG-14).</td></tr>
<tr><td>Dental lamina cysts of new born</td><td>Found on alveolar ridges and cysts of new born are derived from remnants of dental lamina.</td></tr>
</table>",
Oral Pathology,Developmental Disturbances,56,A dens in dente is usually caused by,An abnormal proliferation of pulp tissue,Denticle formation within the pulp tissue,A deep invagination of the enamel organ during formation,A supernumerary tooth bud enclaved within a normal tooth.,C,"[C] [Shafer 7th ed 42/ 6th ed 41]
Permanent maxillary lateral incisors are most frequently involved.",
Oral Pathology,Developmental Disturbances,57,In children the most frequently missing permanent teeth are,First premolars,Second premolars,Max. lateral incisors,Mandibular lateral incisors,C,"[A] [Shafer 7th ed 47/ 6th ed 46]
Anomalies affecting permanent maxillary incisor:
• Dens-in-dente
• Localized microdontia (peg lateral)
• Talon cusp
• Most commonly missing permanent tooth after third molars (maxillary lateral incisor is the most commonly missing deciduous tooth)
• May be affected by Turner’s Hypoplasia & Regional Odontodysplasia.",
Oral Pathology,Developmental Disturbances,58,Hutchinson’s incisors are present in,Congenital syphilis,Tertiary syphilis,Secondary syphilis,Acquired syphilis,A,"[A] [Shafer 7th ed 52/ 6th ed 51]
The incisors are screw driver shaped. The mesial and distal surfaces of crown are tapered and the incisal edge is usually notched. In congenital syphilis the molars are irregular and the occlusal one third of tooth is arranged in an agglomerate mass of globules. The molars are called Mulberry molars or Moon’s molars or Fournier’s molars.",
Oral Pathology,Developmental Disturbances,59,A 15-year-old boy shows an inverted pear shaped radiolucency between maxillary lateral incisor and cuspid teeth. The teeth are normal in all aspects. The most likely diagnosis is,Globulomaxillary cyst,Nasopalatine cyst,Aneurysmal cyst,Dentigerous cyst,A,[A] [Shafer 7th ed 64/ 6th ed 65],
Oral Pathology,Developmental Disturbances,60,Odontodysplasia is most common in,Mandibular premolar,Mandibular canine,Mandibular third molar,Maxillary central incisor,D,[D] [Shafer 7th ed 58/ 6th ed 57],
Oral Pathology,Developmental Disturbances,61,Epstein pearls are,Gingival cyst of newborn,Gingival cyst of adult,Enamel pearls,Epithelial rests,A,[A] [Shafer 7th ed 67/ 6th ed 66],
Oral Pathology,Developmental Disturbances,62,Which of the following is not hereditary,Amelogenesis imperfecta,Cleidocranial dysostosis,Regional odontodysplasia,Dentinogenesis imperfecta,C,"[C] [Shafer 7th ed 58/ 6th ed 57]
The etiology of odontodysplasia may be due to latent virus residing in odontogenic epithelium or due to local vascular defect. Recently it has been suggested that odontodysplasia may represent a somatic mutation.",
Oral Pathology,Developmental Disturbances,63,The 2nd common most supernumerary teeth is,Mesiodens,Distal to 3rd molar in maxilla,Distal to mand. 3rd molar,Para molars,B,[B] [Shafer 6th ed 44],
Oral Pathology,Developmental Disturbances,64,Turner’s hypoplasia most commonly affects,Deciduous maxillary anteriors,Deciduous mandibular anteriors,Permanent maxillary anteriors,Permanent mandibular anteriors,C,"[C] [Shafer 7th ed 52/ 6th ed 52]
Turner’s hypoplasia involves most commonly one of the permanent maxillary incisor or a maxillary or mandibular premolar.",
Oral Pathology,Developmental Disturbances,65,Shell teeth are more common in this variant of dentinogenesis imperfecta,Type I,Type II,Type III,Type III and I,C,"[C] [Shafer 7th ed 56/ 6th ed 55]
According to Shafer 4th edition (shields classification) correct answer is type III (option ‘B’). But according to Shafer 5th edition (revised shields classification) shell teeth are seen in type II (option ‘C’).
For further information please refer both editions.",
Oral Pathology,Developmental Disturbances,66,Complete obliteration of pulp is seen in all except,Type I dentinogenesis imperfecta,Type II dentinogenesis imperfecta,Type III dentinogenesis imperfecta,Dentin dysplasia,B,"[B] [Shafer 7th ed 56/ 6th ed 55]
Refer Q. No 65",
Oral Pathology,Developmental Disturbances,67,Which of the following is unlikely to cause enamel hypoplasia?,Rickets,Fluoride,Congenital syphilis,Cleidocranial dysostosis,D,"[D] [Shafer 7th ed 727/ 6th ed 722]
Important Manifestations of cleidocranial dysostosis or Marie and Sainton’s disease:
<ul><li>Partial or complete absence of clavicles</li><li>Delayed closure of fontanels</li><li>Wormian bones are common</li><li>The sagittal suture is characteristically sunken, giving the skull a flat appearance</li><li>Hypoplasia of maxilla</li><li>Prolonged retention of deciduous teeth (AP-14) and subsequent delay in eruption of succedaneous teeth</li><li>Absence or paucity of cellular cementum on the roots of the permanent teeth with no increased thickening of the primary acellular cementum.</li><li>Numerous unerupted supernumerary teeth, which are most prevalent in premolar and incisor areas.</li></ul>",
Oral Pathology,Developmental Disturbances,68,Goldenhar syndrome is,"Facial deformity, auricular abnormalities and vertebral deformity","Facial deformity, auricular abnormalities, vertebral deformity and genital lesion",Facial and auricular abnormalities only,Auricular abnormalities only,A,"[A] [Shafer 7th ed 721/ White & Pharoah 6th ed 564]
Goldenhar syndrome or oculoauriculovertebral dysplasia is caused by abnormality in the vascular supply of the head. Hemifacial microsomia is second most common craniofacial anomaly, characterized by reduced growth and development of one half of the face. The mandible, maxilla, zygoma, external & middle ear, hyoid bone, parotid gland, 5th & 7th nerves, musculature and other soft tissues. When hemifacial microsomia is associated with vertebral abnormalities and epibulbar dermoids, it is known as Goldenhar syndrome.",
Oral Pathology,Developmental Disturbances,69,Talon’s cusp is characteristic of which syndrome,Edward’s syndrome,Klinefelter’s syndrome,Rubinstein –Taybi syndrome,Down’s syndrome,C,[C] [Shafer 7th ed 42/ 6th ed 41],
Oral Pathology,Developmental Disturbances,70,Thistle-tube appearance of pulp chamber is a feature of,Coronal dentin dysplasia,Regional odontodysplasia,Dentinogenesis imperfecta,Amelogenesis imperfecta,A,"[A] [Shafer 7th ed 57/ 6th ed 57]
Dentin dysplasia (rootless teeth) is characterized by normal enamel but atypical dentin formation with abnormal pulpal morphology.
<table><tr><th>Type</th><th>Features</th></tr>
<tr><td>Type I or radicular dentin dysplasia</td><td>• Both the dentitions are clinically normal.<br>• The teeth exhibit extreme mobility and are exfoliated prematurely as a result of their abnormally short roots.<br>• In deciduous teeth, the pulp chambers and root canals are completely obliterated, while in permanent dentition, a crescent shaped pulpal remnant may be seen in the pulp chamber.<br>• Some times periapical radiolucencies, representing granulomas, cysts, or abscesses involving apparently otherwise intact teeth.<br>• The pulp is obliterated with calcified tubular dentin, osteodentin and fused denticles.<br>• Normal dentinal tubule formation appears to be blocked, so that new dentin forms around obstacles and takes the characteristic appearance described as “Lava flowing around boulders” and this pattern of “cascades of dentin” results from repetitive attempts to form root structure.</td></tr>
<tr><td>Type II or Coronal dentin dysplasia</td><td>• The clinical appearance of permanent dentition is normal, but the deciduous teeth shows brown, opalescent hue as seen in dentinogenesis imperfecta.<br>• The pulp chambers of deciduous teeth are obliterated as in type I and in dentinogenesis imperfecta.<br>• The permanent teeth exhibit abnormally large pulp chambers in the coronal portion, often described as “thistle tube” in shape.<br>• The deciduous teeth exhibits amorphous and atubular dentin in radicular portion, while the coronal dentin is normal. The permanent teeth contains multiple pulp stones.</td></tr>
</table>",
Oral Pathology,Developmental Disturbances,71,"A bony hard asymptomatic swelling found on the midline of the hard palate, that appears radiopaque on a radiograph is most likely a -",Odontoma,Myxoma,Bone cyst,Torus palatinus,D,[D] [Shafer 7th ed 158/ 6th ed 154],
Oral Pathology,Developmental Disturbances,72,Which of the following conditions is characterized by abnormally large pulp chambers?,Amelogenesis imperfecta,Regional odontodysplasia,Dentinogenesis imperfecta,Dentinal dysplasia type I,B,"[B] [Shafer 7th ed 58/ 6th ed 57]
Abnormally large pulp chambers are seen in regional odontodysplasia (Ghost teeth) and TYPE II dentinogenesis imperfecta (shell teeth).",
Oral Pathology,Developmental Disturbances,73,In Treacher collin’s syndrome there is,Upward sloping of the palpebral fissure,Poorly developed or absence of malar bones,Progenia and mandibular prognathism,No loss of hearing,B,"[B] [Shafer 7th ed 720/ 6th ed 716]
Clinical features of mandibulofacial dysostosis or Treacher Collins syndrome:
<ul><li>Antimongoloid palpebral fissures</li><li>Hypoplasia of the facial bones, especially of the malar bones and mandible.</li><li>Malformation of external ear, middle ear and internal ears.</li><li>Macrostomia with abnormally high palate.</li><li>Facial clefts, skeletal deformities and malocclusion</li><li>Patients have Bird like or fish like face.</li></ul>",
Oral Pathology,Developmental Disturbances,74,Pierre Robin syndrome is associated with,Micrognathia,Cleft of the lip and plate,Tetrology of fallot,Syndactally,A,"[A] [Shafer 7th ed 721/ 6th ed 717]
Characteristics triad of Pierre Robin syndrome
<ul><li>Micrognathia or Retrognathia</li><li>Cleft palate</li><li>Glossoptosis, accompanied by airway obstruction</li></ul>",
Oral Pathology,Developmental Disturbances,75,Which of the following teeth is most likely to be congenitally missing?,Maxi. central incisor,Mandibular canine,Mand. 2nd premolar,Max. 1st premolar,C,"[C] [Shafer 7th ed 47 Table 1-12/ 6th ed 46 Table 1-11]
Mandibular 2nd premolar followed by maxillary 2nd premolar are most commonly congenitally missing teeth.",
Oral Pathology,Developmental Disturbances,76,Which of the following dentitions shows the highest frequency of occurrence of supernumerary teeth?,Maxillary deciduous,Maxillary permanent,Mandibular deciduous,Mandibular permanent.,B,"[B] [Shafer 6th ed 47]
“Mesiodens”, a small peg-shaped conical tooth is the most common supernumerary tooth found between two maxillary permanent central incisors.",
Oral Pathology,Developmental Disturbances,77,A swelling of a single papilla of the gingiva is often called as,Plasma cell gingivitis,ANUG,Epulis,Fibromatosis gingivae,C,"[C] [Check Explanation Below]
For the purpose of clinical diagnosis, gingival enlargements are grossly are divided into isolated lesions and regional or generalized gingival enlargements. Occasionally, a single papilla becomes enlarged to form an epulis, which is a soft tissue swelling of gingival margin.",
Oral Pathology,Developmental Disturbances,78,Heck’s disease is another name for,Focal epithelial hyperplasia,Hereditary intestinal polyposis syndrome,Oral melanotic macule,Fibromatosis gingiva,A,"[A] [Shafer 7th ed 25/ 6th ed 24]
Focal epithelial hyperplasia (Heck’s disease) is highly contagious HPV-induced epithelial proliferation (AIPG-15). The hyperplastic lesions appear as clusters and give the entire mucosal area a Cobblestone or fissured appearance.",
Oral Pathology,Developmental Disturbances,79,Large pulp chambers are characteristic of all the following conditions except,Shell teeth,Taurodontism,Odonto dysplasia,Dentinogenesis imperfecta,D,"[D] [Shafer 7th ed 56 for Option A, 45 for Option B, 57 for Option D]",
Oral Pathology,Developmental Disturbances,80,Dens in dente is most commonly seen in,Premolars,Paramolars,Lateral incisors,Maxillary canine,C,[C] [Shafer 7th ed 42/ 6th ed 41],
Oral Pathology,Developmental Disturbances,81,Taurodontism is usually seen in,Mesiodens,Incisor with talon/cusp,Mandibular 1st molar,Maxillary premolars,C,"[C] [Shafer 7th ed 45/ 6th ed 44]
Permanent molars are most commonly affected by Taurodontism.",
Oral Pathology,Developmental Disturbances,82,Puetz-Jegher syndrome is characterised by,Deafness,Scleroderma,Multiple intestinal polyps,Multiple supernumerary teeth,C,"[C] [Shafer 7th ed 23/ 6th ed 22]
Important features of Peutz – Jeghers syndrome
<ul><li>Also known as hereditary intestinal polyposis syndrome.</li><li>Circum oral and perinasal pigmentation (1-5mm macules) crossing the vermilion border.</li><li>Pigmentation may also be present on the fingers and toes, on the hands and feet and around the anus and genitalia.</li><li>Prolapse of tissue from the rectum.</li><li>Precocious puberty (also seen in Albright syndrome).</li><li>Gynecomastia and growth acceleration (due to Sertoli cell tumor).</li></ul>",
Oral Pathology,Developmental Disturbances,83,Enamel Hypo-calcification and hypo-maturation of tooth is seen in,Osteogenesis imperfecta,Dentinogenesis imperfecta,Trichodento-osseus syndrome,Turner tooth,C,"[C] [Check Explanation Below]
Tricho-dento-osseous (TDO) syndrome is a rare, autosomal dominant disorder principally characterised by curly hair at infancy, severe enamel hypomineralization and hypoplasia and taurodontism of teeth, sclerotic bone, and other defects. Diagnostic criteria are based on generalized enamel defects, severe taurodontism especially of the mandibular first permanent molars, an autosomal dominant mode of inheritance, and at least one of the other features (i.e., nail defects, bone sclerosis, and curly, kinky or wavy hair present at a young age that may straighten out later). Confusion with amelogenesis imperfecta is common; however, taurodontism is not a constant feature of any of the types of amelogenesis imperfecta.",
Oral Pathology,Developmental Disturbances,84,PARULIS is an inflammatory enlargement seen in,End of sinus tract,Extraction socket,Due to irritation from calculus/over-hanging restoration,None of the above,A,"[A] [Shafer 7th ed 36/ 6th ed 34]
“Parulis” or pus pocket is an inflammatory enlargement seen at the terminus of fistula or sinus tract.",
Oral Pathology,Developmental Disturbances,85,Dentinal union of two embryologically developing teeth is referred as,Gemination,Twinning,Concrescence,Fusion,D,[D] [Shafer 7th ed 40/ 6th ed 39],
Oral Pathology,Developmental Disturbances,86,"In hypodontia, the most commonly affected tooth is",Permanent 3rd molar,Permanent second premolar,Permanent LI,Permanent Canine,A,[A] [Shafer 7th ed 47/ 6th ed 46 Table 1-11&1-12],
Oral Pathology,Developmental Disturbances,87,The torus mandibularis most commonly seen in the region of,Incisor region,Canine region,Molar region,Premolar region,D,"[D] [Shafer 7th ed 159/ 6th ed 155]
Torus mandibularis is commonly seen on the lingual surface of mandible opposite to the premolar teeth. It is usually present above the mylohyoid line.",
Oral Pathology,Developmental Disturbances,88,Submerged teeth are,Ankylosed teeth,Unerupted teeth,Impacted teeth,Intruded teeth,A,"[A] [Shafer 7th ed 63/ 6th ed 62]
Submerged teeth are deciduous teeth that have undergone a variable degree of root resorption and then become ankylosed to bone. Mandibular second molars are most commonly involved teeth.",
Oral Pathology,Developmental Disturbances,89,"The cyst located at the junction of medial nasal process, lateral nasal process and maxillary process is",Globulomaxillary cyst,Median palatine cyst,Nasopalatine cyst,Nasoalveolar cyst,D,"[D] [Shafer 7th ed 64, 65/ 6th ed 64]
Nasoalveolar cyst (also known as Nasolabial or Klestadt’s cyst (AIPG-09)) arises at the junction of globular portion of medial nasal process, the lateral nasal process and the maxillary process. It is a soft tissue cyst, involving bone rarely and shows no radiographic features.",
Oral Pathology,Developmental Disturbances,90,The most common congenital defect of the face and jaws is,Macrostomia,Fetal alcohol syndrome,Cleft lip and palate,Ectodermal dysplasia,C,[C] [Shafer 7th ed 3/ 6th ed 4-5],
Oral Pathology,Developmental Disturbances,91,"The cyst which is found within the bone at the junction of the globular process, the lateral nasal process & maxillary process is",Naso-alveolar cyst,Globulomaxillary cyst,Naso palatine cyst,Mid palatine cyst,B,"[B] [Shafer 7th ed 66/ 6th ed 64]
As the question is about the cyst found within the bone, option ‘B’ globulomaxillary cyst is correct answer.",
Oral Pathology,Developmental Disturbances,92,The histological appearance of “lava following around boulders in dentin dysplasia” suggests,Attempt to repair the defective dentin,Abrupt arrest to dentin formation in crown,Abnormal dentin formation in a disorganized fashion,Cascades of dentin to form root,D,[D] [Shafer 7th ed 58/ 6th ed 57],
Oral Pathology,Developmental Disturbances,93,"A 4 year old child with one tooth less than the normal dentition shows a large tooth with two crowns and two root canals, the anamoly is",Dilaceration,Fusion,Gemination,Concrescence,B,"[B] [Shafer 7th ed 41/ 6th ed 39]
In case of fusion, the patient will be having one tooth less than normal dentition. In case of successful gemination, the patient will be having one tooth in excess of normal dentition. But it is always difficult to diagnose between fusion between a normal tooth and a supernumerary tooth and incomplete gemination. This is because that the patient in both the conditions will have normal dentition, but with a macrodontic tooth.
In case of a patient of age 16 years:
<ul><li>The number of teeth to be present – 28 (third molars are not erupted)</li><li>The number of teeth in case of fusion – 27 (26 normal + 1 macrodontic tooth)</li><li>The number of teeth in case of successful gemination – 29 teeth.</li><li>The number of teeth in case of incomplete gemination – 28 teeth (27 normal + 1 macrodontic).</li><li>The number of teeth in case of fusion between normal and supernumerary teeth – 28 (27 normal + 1 macrodontic)</li></ul>",
Oral Pathology,Developmental Disturbances,94,Which of the following is most common developmental cyst,Nasopalatine cyst,Naso-alveolar cyst,Globulomaxillary cyst,Median palatal cyst,A,"[A] [Shafer 7th ed 64/ 6th ed 63]
Nasopalatine duct cyst/Nasopalatine canal cyst/Incisive canal cyst is most common non-odontogenic cyst. Its location is peculiar and specific in that it affects the midline anterior maxilla.
Option ‘B’ nasoalveolar cyst is a rare fissural cyst, that arise at the junction of globular process, the lateral nasal process and the maxillary process.
Option ‘C’ globulomaxillary cyst is found within the bone at the junction of the globular portion of the medial nasal process, maxillary process, the globule maxillary fissure, usually between the maxillary lateral incisor and cuspid teeth.",
Oral Pathology,Developmental Disturbances,95,A 6 year old patient with extra cusp on maxillary central incisor is associated with all except.,Mohr’s syndrome,Sturge-Weber Syndrome,Rubinstein Taybi Syndrome,Proteus Syndrome,D,"[D] [Oral & Maxillofacial Pathology by Neville 2nd ed 78]
Talon cusp is an additional cusp that is usually located on the lingual surface of anterior teeth. It extends atleast half the distance from the cemento-enamel junction to the incisal edge. It is composed of normal enamel and dentin and contains a horn of pulp tissue.
It is seen in:
<ul><li>Mohr syndrome</li><li>Rubinstein Taybe syndrome</li><li>Sturge-Weber syndrome</li></ul>",
Oral Pathology,Developmental Disturbances,96,Taurodontism is seen in,Klinefelter’s syndrome,Sturge weber syndrome,Down syndrome,Turner syndrome,A,"[A] [Shafer 7th ed 45/ 6th ed 44]
Taurodontism / bull teeth are seen in:
<ul><li>Klinefelter’s syndrome (XXY Chromosomes)</li><li>Tricho-dento-osseous syndrome</li></ul>",
Oral Pathology,Developmental Disturbances,97,Static bone cyst is a cyst developing from,Infection of Salivary gland in the mandible,Tissue of the odontogenic apparatus,Tissue of the oral mucosa,None of the above,D,"[D] [Shafer 7th ed 39/ 6th ed 37]
Static bone cyst / latent bone cyst / Stafne cyst is developmental inclusion of salivary gland tissue adjacent to lingual surface of body of the mandible.",
Oral Pathology,Developmental Disturbances,98,Most common site for melanotic neuroectodermal tumour of infancy is (MNTI),Maxilla,Mandible,Ethmoid bone,Cervical spine,A,"[A] [Shafer’s 7th ed 205/ 6th ed 201-2]
MNTI is an uncommon osteolytic, pigmented neoplasm, primarily affecting the jaws of new born infant. Its origin is linked to neural crest cells. More than 90% occur in the head and neck region especially the anterior part of the maxillary ridge. They appear as rapidly growing, non-ulcerated, darkly pigmented lesions, with a radiographic appearance of an invasive malignant neoplasm.",
Oral Pathology,Developmental Disturbances,99,"A girl suffering from browning of teeth, wearing of enamel but not cavitory. OPG shows obliteration of pulp with narrowing of canal & deposition of secondary dentin, she gave the history that out of her 4 brothers, 2 are suffering from the same disease. She is suffering from",Amelogenesis imperfecta,Dentinogenesis imperfecta,Fluorosis,Odontodysplasia,B,"[B] [Shafer’s 7th ed 55/ 6th ed 54]
Dentinogenesis imperfecta is an autosomal dominant condition that manifests as gray-yellowish brown crowns in both deciduous and permanent dentitions, lacking pulp chambers and root canals on radiograph. Amelogenesis imperfecta, fluorosis does not cause obliteration of pulp chambers. Regional Odontodysplasia causes shell like teeth, with reduced radiodensity of enamel and dentin.",
Oral Pathology,Developmental Disturbances,100,Cysts associated with vital teeth are,"Dentigerous cyst, Globulomaxillary cyst, lateral periodontal cyst, OKC","Dentigerous cyst, Globulomaxillary cyst, radicular cyst","Dentigerous cyst, OKC, radicular cyst",‘B’ & ‘C’,A,"[A] [Shafer’s 7th ed 273/ 6th ed 268, 64]
Radicular cyst is the periapical cyst is the most common inflammatory cyst, associated with tooth necrosis, hence the involved teeth are non-vital. The rest are developmental cysts that arise from cell rests of Serres, reduced enamel epithelium or epithelial entrapment. Recently, an odontogenic origin had been suggested for globulomaxillary cysts, the clinical and radiologic features being entirely compatible with a lateral periodontal, lateral dentigerous or primordial cyst.",
Oral Pathology,Developmental Disturbances,101,Failure of descent of thyroid analage can be seen in the tongue,In anterior 2/3 of dorsal aspect,In posterior 1/3 of dorsal aspect,Near the base of tongue close to foramen caecum,In anterior 2/3 of inferior surface,C,"[C] [Shafer’s 7th ed 33/ 6th ed 32]
The thyroid gland and the tongue form the pharyngeal floor at the same time and both are anatomically associated with the thyroglossal tract and its lingual remnant, the foramen caecum. Lingual thyroid is an anomalous condition, arising from the thyroid analogue that failed to migrate to its predestined position or from the analogue remnants left behind. It is seen usually in the vicinity of the foramen caecum.",
Oral Pathology,Developmental Disturbances,102,Premaxilla-premaxillary cyst,Nasoalveolar cyst,Nasopalatine cyst,Incisive canal,Globulomaxillary cyst,D,"[D] [Shafer’s 7th ed 65/ 6th ed 64]
Globulomaxillary cyst had been traditionally described as a fissural cyst, that forms in the incisive suture (bone suture between the premaxilla and maxilla). Hence the term premaxilla–maxillary cyst was used by Ferenczy to describe the apt origin of globulomaxillary cyst.",
Oral Pathology,Developmental Disturbances,103,Geographic tongue is of red colour because of,Infiltration of eosinophils,Infiltration of neutrophils,Both of the above,None of the above,D,"[D] [Shafer’s 6th ed 31, Differential diagnosis of Oral & Maxillofacial lesions-Wood and Goaz 5th ed 90]
The smooth depapillated areas of the geographic tongue show a thin layer of epithelium with thin elongated rete ridges, thus contributing to the red colour.",
Oral Pathology,Developmental Disturbances,104,"According to Veau's classification of cleft lip & palate, isolated cleft palate falls under",Group I,Group II,Group III,Group IV,B,"[B] [Shafer’s 7th ed 19/ 6th ed 18]
<table><tr><th>Veau classification system of clefts</th><th></th></tr>
<tr><td>Group I (A)</td><td>Defects of the soft palate only</td></tr>
<tr><td>Group II (B)</td><td>Defects involving the hard palate and soft palate</td></tr>
<tr><td>Group III (C)</td><td>Defects involving the soft palate to the alveolus, usually involving the lip.</td></tr>
<tr><td>Group IV (D)</td><td>Complete bilateral clefts. Hence, the best option is group II</td></tr>
</table>",
Oral Pathology,Developmental Disturbances,105,Developmental enamel defects are most commonly seen in,Primary incisors,Primary 2nd molar,Permanent incisors,Permanent 1st molar,C,"[C] [Shafer’s 7th ed 52/ 6th ed 51]
Clinical studies indicate that most cases of enamel hypoplasia involve those teeth that form within the first year of birth, mainly the central and lateral incisors, cuspids and the first molars.
<ul><li><b>Amelogenesis imperfecta:</b> All teeth of both dentitions are affected to some degree. In some cases, the teeth may appear essentially normal.</li><li><b>Hypoplasia due to nutritional deficiency and exanthematous fevers:</b> The teeth most frequently involved are central & lateral incisors, cuspids and first molars.</li><li><b>Enamel hypoplasia due to congenital syphilis:</b> Maxillary & mandibular permanent incisors & the first molars are involved.</li><li><b>Enamel hypoplasia due to local infection or trauma:</b> Most commonly one of the permanent maxillary incisors or a maxillary or mandibular premolar are involved.</li></ul>",
Oral Pathology,Developmental Disturbances,106,"Based on the degree to which apical displacement of the pulpal floor is seen, “Cynodont” is the name given to",Hypotaurodont,Mesotaurodont,Hypertaurodont,Normal tooth,D,"[D] [Shafer’s 7th ed 45/ J Indian Soc Pedod Prev Dent: March 2006: Taurodontism of deciduous and permanent molars: Report of two cases]
Teeth with pulp chambers that are relatively small and have constriction of the pulp chamber approximately at the CEJ are called as cynodonts. The term taurodontism was introduced by Sir Arthur Keith to describe a dental anomaly where the body of the tooth is enlarged at the expense of the roots (bull-like teeth). The taurodontic teeth are identified by elongated pulp chambers and apical displacement of bifurcation or trifurcation of roots. Due to this, the chamber has a greater apicoocclusal height than in cynodont teeth and lacks the constriction at the level of the CEJ giving it a rectangular shape.
Shaw further classified taurodont teeth into hypo, meso and hypertaurodont.
<ul><li><b>Hypotaurodont</b> is the mildest form where the bifurcation/trifurcation is slightly apical to the normal level.</li><li><b>Hypertaurodont</b> is extreme form in which the bifurcation/trifurcation occurs near the apices of roots.</li><li><b>Mesotaurodont</b> is in between the hypo and hypertaurodont forms.</li></ul>",
Oral Pathology,Developmental Disturbances,107,Fordyce granules mostly occurs in all of the following areas EXCEPT,Vermillion of the lip,Posterior tonsillar pillar,Alveolar ridge,Palate,C,"[C] [Shafer 7th ed 24/ 6th ed 23]
Fordyce granules are ectopic sebaceous glands that appear as small yellow spots, found frequently in a bilaterally symmetrical pattern on the buccal mucosa, labial mucosa, vermilion border of the lips, retromolar region and occasionally on the tongue, gingiva, frenum and palate. Ectopic sebaceous glands are also found in the esophagus, female and male genitalia, nipples, palms and soles, parotid gland, larynx and the orbit.",
Oral Pathology,Developmental Disturbances,108,Brittle bone syndrome is caused by,Improper synthesis of procollagen,Polymerisation of collagen,Increase osteoclastic activity,Increase fibroblastic activity,A,"[A] [Shafer’s 7th ed 699-700/ 6th ed 694, 695]
Osteogenesis imperfecta, also known as Brittle Bone Disease, or ‘Lobstein syndrome’ is disorder of congenital bone fragility caused by mutations in the genes that codify for type I procollagen. This deficiency arises from an amino acid substitution of glycine to bulkier amino acids in the collagen triple helix structure. If the body does not destroy the improper collagen, the relationship between the collagen fibrils and hydroxyapatite crystals to form bone is altered causing brittleness.
The following 4 types of osteogenesis imperfecta have been reported. Type I - mild form, type II - extremely severe, type III - severe, type IV - undefined. These partly depend on the genetic subtype. Type I and IV are the most common forms of osteogenesis imperfecta.",
Oral Pathology,Developmental Disturbances,109,A 7-year-old child having yellowish discoloured spot of maxillary central incisor. His mother presents a history of injury to deciduous tooth 3 years back with recurrent infections & swelling. The diagnosis is,Turners hypoplasia,Generalised dental fluorosis,Syphillitic hypoplasia,Rickets hypomineralisation,A,"[A] [Shafer 7th ed 52/ 6th ed 52]
Turner’s hypoplasia is an unusual hypoplasia seen in the permanent maxillary incisors or maxillary or mandibular premolars due to trauma or periapical infection of the deciduous predecessors. The bacterial infection of the periapical tissues may disturb the ameloblastic layer of the permanent tooth and result in a hypoplastic crown. The hypoplasia may range from a mild brownish discolouration to a severe pitting and irregularity of the tooth crown. The affected teeth are called Turner’s teeth.",
Oral Pathology,Developmental Disturbances,110,"Marked reduction in amount of dentin, widening of predentin layer, presence of large area of interglobular dentin and irregular pattern of dentin is seen in",Hypocalcified dentin,Odonto dysplasia,Dentin dysplasia,Dentinogenesis imperfecta,B,"[B] [Shafer 7th ed 58/ 6th ed 57]
Regional Odontodysplasia is an unusual anomaly affecting one or several teeth in a localised area, where the shape of teeth may be markedly altered with delay in eruption. The radiographic appearance is ‘ghost appearance’ due to the reduction in the radiodensity of the teeth. The enamel and dentin appear very thin and the pulp chamber is very large. The characteristic histological appearance is marked reduction of dentin, widening of predentin, presence of large interglobular dentin and an irregular pattern of dentin. The other names for this disease are Odontogenic Odontodysplasia, Odontogenesis imperfecta, Odontogenic dysplasia, ghost teeth.",
Oral Pathology,Developmental Disturbances,111,Amelogenesis imperfecta is a disorder of,Ectoderm,Mesoderm,Endoderm,Ecto and Mesoderm,A,"[A] [J Oral Maxillofacial Pathol 2009; Jul 13(2): 70-7. Amelogenesis imperfecta: report of a case and review of literature]
Amelogenesis Imperfecta is a diverse collection of inherited diseases that exhibit quantitative or qualitative tooth enamel defects in the absence of systemic manifestations. The defect is entirely ectodermal, since the mesodermal components of the teeth are basically normal.",
Oral Pathology,Developmental Disturbances,112,"A child has marked difference of crown, root size, eruption pattern of left & right side of jaw. The condition is",Crouzan's syndrome,Hemifacial hypertrophy,Cherubism,Achondroplasia,B,"[B] [Shafer 7th ed 13/ 6th ed 13]
Hemifacial hypertrophy or hyperplasia is a rare developmental anomaly characterised by asymmetric growth overgrowth of one or more body parts. An anatomic classification of hemihyperplasia given by Hoyme et al classifies it into complex hemihyperplasia (involvement of half the body), simple hemihyperplasia (involvement of a single limb) or hemifacial hyperplasia (involvement of one side of face). Facial hemihypertrophy is characterised by enlargement on one side of the face, unilateral macroglossia, premature development, eruption and increased size of dentition. Dentition on the hypertrophic side is abnormal in 3 aspects – crown size, root size and rate of development. Permanent teeth may be larger, rate of development and eruption is more rapid along with premature shedding of deciduous predecessors.",
Oral Pathology,Developmental Disturbances,113,"Hypodontia is mainly found in all, except",Papillon levefre syndrome,Osteopetrosis,Cleidocranialdysostosis,Ectodermal dysplasia,B,"[B] [Shafer 7th ed 46, 704/ 6th ed 700]
Osteopetrosis is a rare bone disorder caused by failure of the osteoclastic bone resorption leading to increased bone mass. The dental manifestations include retardation of tooth eruption, along with increased risk of osteomyelitis (following dental infection/extraction). The teeth are prone to caries.
Congenital lack of teeth comprises the most common dental abnormalities in humans. Oligodontia or agenesis of more than six teeth (excluding the third molars), and its less severe form, hypodontia, can be inherited in autosomal dominant, autosomal recessive, or X-linked inheritance mode.
<ul><li>Papillon levre syndrome</li><li>Ectodermal dysplasia</li><li>Cleidocranial dysostosis</li><li>Down Syndrome</li><li>Van der woude syndrome, etc.</li><li>Also there is the possibility that this defect depends on a moniliasis (Candidial endocrinopathy syndrome)</li></ul>",
Oral Pathology,Developmental Disturbances,114,Most characteristic feature of mandibulofacial dysostosis is,Normal hearing,Normal vision with coloboma,Mandibular prognathism,Vertical maxillary excess,B,"[B] [Shafer 7th ed 720]
Treacher Collins syndrome or mandibulofacial dysostosis is a group of closely related defects of the head and face, characterised by:
<ul><li>Antimongoloid palpebral fissures with a coloboma of the outer portion of the lower eyelid</li><li>Hypoplasia of the malar bones and mandible</li><li>Malformation of the external ear</li><li>Macrostomia, high palate and malocclusion of teeth</li><li>Blind fistulas between angles of ears and angles of the mouth</li></ul>",
Oral Pathology,Developmental Disturbances,115,How will you differentiate between fibrous dysplasia and facial hemiatrophy?,Size of the face,Distance between the anatomical soft tissue landmarks from midline,"Shape, size and difference in eruption pattern of teeth",Shape of tooth and supporting structures,C,"[C] [Shafer 7th ed 15, 711]
Facial Hemiatrophy is characterised by progressive wasting of the subcutaneous fat, skin, cartilage, muscle, bone accompanied by contralateral Jacksonian epilepsy, trigeminal neuralgia. The most common sign is a painless cleft, coup de sabre near the midline of the face or forehead that marks the boundary between normal and atrophic tissue. Dental abnormalities include incomplete root formation, delayed eruption; growth of the teeth may also be affected.
Fibrous dysplasia results in expansion and deformity of the jaws and eruption pattern of the teeth may be disturbed due to the loss of normal support of developing teeth or the endocrine disturbances. However the formation of teeth is not affected.",
Oral Pathology,Developmental Disturbances,116,A true cyst which is derived from stellate reticulum and grows in place of tooth is known as?,Primordial cyst,Eruption cyst,Dentigerous cyst,Radicular cyst,A,"[A] [Karjodkar 2nd ed 497]
Primordial cyst develops due to cystic changes in the stellate reticulum of a tooth germ before it mineralises. Therefore the tooth does not develop. However, now this is considered not to exist and the similar cyst with aggressive behaviour had been termed as keratocystic odontogenic tumor (KOT).",
Oral Pathology,Developmental Disturbances,117,"Supernumerary tooth, ‘tooth with in tooth’ is most commonly seen in?",Max. lateral incisors,Mandibular 2nd premolar,Mandibular incisors,Maxillary central and lateral incisors,A,"[A] [Shafer 7th ed 43, 48]
Permanent maxillary lateral incisor is the most common supplemental kind of supernumerary tooth. Dens in dente is a developmental variation caused by invagination in the surface of tooth crown before calcification has occurred and is most commonly seen in permanent maxillary lateral incisors.",
Oral Pathology,Developmental Disturbances,118,The gene that defines the localization of the tooth germs is,Fgf-8,Bmp-2,Dlx-5,Pax-9,D,"[D] [Shafer 7th ed 10]
During tooth development, several mesenchymal molecules and their receptors act as mediators of epithelial – mesenchymal interactions. Bone morphogenetic proteins (BMPs) 2,4,7 mRNAs shift between epithelium and mesenchyme during regulation of tooth morphogenesis. Fibroblast growth factor (FGF8, FGF9) have been localised in the dental mesenchyme and act via downstream factors MSX1 and PAX9. Muscle specific homeobox genes MSX-1 and Msx-2, appear to be involved in epithelial mesenchymal interactions and craniofacial development, particularly in the initiation of developmental position (Msx-1) and further development (Msx-2) of tooth buds. Pax-9 is transcription factor necessary for tooth morphogenesis.",
Oral Pathology,Developmental Disturbances,119,Which condition is depicted in the CT picture given below?,Mandibular tori,Torus palatinus,Complex odontoma,Sialolithiasis,A,"[A] [Shafer 7th ed 159]
Torus mandibularis is an exostosis or outgrowth of bone found on the lingual surface of bone, usually opposite bicuspid teeth and may vary in size, shape and number.",Requires image: CT picture on PDF page 7 (torus mandibularis). Google Drive link not supplied.
Oral Pathology,Developmental Disturbances,120,The condition highlighted by the arrow in the occlusal radiograph in a 8 year old child could be due to,Non-vital tooth,Impacted tooth,Ghost tooth,Mesiodens,D,"[D] [Shafer 7th ed 48]
Mesiodens is usually a peg shaped conical supernumerary tooth found in between the permanent incisors and may cause the rotation or displacement of the permanent incisors. The long axis may be normally inclined or inverted or may be seen in a horizontal position.",Requires image: Occlusal radiograph with arrow on PDF page 7 (mesiodens). Google Drive link not supplied.
Oral Pathology,Developmental Disturbances,121,Maximum incidence of developmental defects is seen in?,Primary incisor,Permanent incisors,Permanent mandibular first molar,Primary mandibular second molar,B,"[B] [Shafer 7th ed 40,42,43,47]
Permanent maxillary lateral incisors are the teeth most commonly associated with microdontia involving a single tooth (peg lateral), dens in dente (accentuation in the development of lingual pits), true partial anodontia after the third molars. Talons cusp, an anomalous structure projecting lingually from the cingulum area is commonly seen in maxillary or mandibular permanent incisors.",
Oral Pathology,Developmental Disturbances,122,True about enameloma,A globule like structure usually found on root due to misplaced ameloblast,True neoplasm of ameloblast,Tumor resembling enamel present on gingiva,Tumor of ameloblast which fall to differentiate terminally,A,"[A] [White & Pharoah 6th ed 311]
Enameloma is a globule of enamel, of 1-3 mm diameter that occurs on roots of molars. It is probably formed by Hertwig’s epithelial root sheath before the epithelium loses its enamel forming ability.",
Oral Pathology,Developmental Disturbances,123,Median rhomboid glossitis is associated with,Burning mouth syndrome,Fungal infection,Bacterial infection,Absence of filiform papillae,D,"[D] [Shafer 7th ed 30/ 6th ed 29]
<table><tr><th>Condition</th><th>Papilla involved</th></tr>
<tr><td>Benign migratory glossitis or migratory glossitis</td><td>Multiple areas of desquamation of filiform papillae</td></tr>
<tr><td>Median rhomboid glossitis (Posterior midline atrophic candidiasis)</td><td>Filiform papillae are absent</td></tr>
<tr><td>Hairy tongue, Acanthosis nigricans.</td><td>Hypertrophy of filiform papillae</td></tr>
<tr><td>Riboflavin deficiency</td><td>Atrophy of filiform papillae with normal or engorged fungiform papillae</td></tr>
<tr><td>Strawberry tongue (scarlet fever)</td><td>Swollen, hyperemic, fungiform papillae</td></tr>
<tr><td>Familial dysautonomia</td><td>Absence of fungiform and circumvallate papillae</td></tr>
<tr><td>Iron deficiency anemia</td><td>Red, painful tongue with atrophy of filiform papillae and later the fungiform papillae.</td></tr>
</table>",
